{"stats":{"minecraft:custom":{"minecraft:blood":0,"lootr:looted_stat":94,"minecraft:mob_kills":142,"minecraft:dexterity":14,"minecraft:interact_with_crafting_table":9,"minecraft:open_barrel":5,"minecraft:damage_dealt_resisted":18,"minecraft:leave_game":3,"minecraft:time_since_death":7131,"minecraft:climb_one_cm":9108,"minecraft:damage_resisted":0,"minecraft:mana":179,"minecraft:magic_shield":63,"minecraft:sprint_one_cm":233379,"minecraft:walk_one_cm":299962,"minecraft:drop":51,"minecraft:health":346,"minecraft:damage_dealt_absorbed":87,"minecraft:talked_to_villager":1,"minecraft:play_time":192959,"minecraft:deaths":24,"minecraft:sneak_time":1155,"minecraft:walk_under_water_one_cm":14381,"minecraft:boat_one_cm":58799,"minecraft:jump":2620,"minecraft:energy":182,"minecraft:interact_with_blast_furnace":1,"minecraft:walk_on_water_one_cm":111191,"minecraft:total_world_time":192959,"minecraft:interact_with_furnace":1,"minecraft:intelligence":10,"minecraft:move_speed":0,"minecraft:tune_noteblock":1,"minecraft:sleep_in_bed":1,"minecraft:levels_gained":13,"minecraft:time_since_rest":7180,"minecraft:waystone_activated":1,"minecraft:damage_taken":12600,"minecraft:damage_absorbed":2074,"minecraft:damage_dealt":22785,"minecraft:swim_one_cm":36132,"minecraft:fly_one_cm":460198,"minecraft:open_chest":65,"minecraft:crouch_one_cm":3800,"minecraft:strength":5,"minecraft:interact_with_smoker":1,"minecraft:fish_caught":8,"minecraft:fall_one_cm":59366},"minecraft:broken":{"minecraft:iron_leggings":1,"farmersdelight:iron_knife":2,"cte_essentials:leather_0_helmet":1,"cte_essentials:plate_1_chestplate":1},"minecraft:mined":{"minecraft:dark_oak_planks":19,"minecraft:spruce_planks":2,"minecraft:mossy_cobblestone":2,"minecraft:granite":1,"minecraft:grass_block":2,"minecraft:redstone_wire":1,"minecraft:mud_bricks":2,"minecraft:moss_block":8,"minecraft:spawner":17,"minecraft:tall_seagrass":1,"minecraft:packed_mud":5,"minecraft:raw_gold_block":17,"minecraft:polished_basalt":1,"minecraft:fire":1,"minecraft:bookshelf":2,"minecraft:lantern":1,"minecraft:spruce_wood":1,"minecraft:stone":5,"minecraft:blue_orchid":1,"fastpaintings:painting":1,"minecraft:green_wool":2,"minecraft:dark_oak_wood":9,"minecraft:mud_brick_stairs":1,"minecraft:copper_ore":12,"minecraft:magenta_bed":1,"minecraft:oak_log":6,"minecraft:dripstone_block":1,"minecraft:yellow_concrete":2,"minecraft:cracked_stone_bricks":1,"minecraft:stone_bricks":2,"minecraft:mossy_stone_bricks":1,"minecraft:emerald_block":6},"minecraft:killed":{"minecraft:witch":1,"monsterplus:swamp_zombie":11,"minecraft:vindicator":1,"minecraft:spider":5,"minecraft:slime":27,"minecraft:skeleton":37,"minecraft:chicken":1,"mmorpg:zombie":4,"minecraft:drowned":4,"minecraft:parrot":2,"minecraft:zombie_villager":1,"minecraft:frog":7,"minecraft:creeper":4,"alexsmobs:catfish":1,"minecraft:zombie":23,"riskofrain_mobs:stone_golem_entity":1,"mutantmonsters:mutant_zombie":1,"minecraft:wither_skeleton":2,"minecraft:enderman":3},"minecraft:killed_by":{"mutantmonsters:mutant_zombie":2,"minecraft:player":6,"minecraft:creeper":2,"minecraft:drowned":1,"monsterplus:swamp_zombie":1,"minecraft:skeleton":10},"minecraft:crafted":{"minecraft:oak_planks":6,"minecraft:dark_oak_planks":3,"sophisticatedbackpacks:iron_backpack":1,"minecraft:crafting_table":2,"sophisticatedbackpacks:gold_backpack":1,"minecraft:air":48,"minecraft:oak_boat":2,"sophisticatedbackpacks:diamond_backpack":1,"minecraft:stick":1,"minecraft:iron_pickaxe":1,"minecraft:wooden_axe":1},"minecraft:dropped":{"minecraft:iron_ingot":11,"farmersdelight:iron_knife":2,"minecraft:iron_sword":1,"minecraft:moss_block":1,"minecraft:crossbow":1,"minecraft:lime_terracotta":2,"cte_essentials:plate_1_helmet":1,"aquaculture:atlantic_herring":1,"cte_essentials:leather_0_chestplate":1,"minecraft:polished_basalt":2,"minecraft:mud":1,"minecraft:string":2,"minecraft:lily_pad":9,"cte_essentials:plate_0_leggings":1,"minecraft:stone_brick_slab":1,"minecraft:green_wool":2,"mmorpg:rare_mats/fishing/medium":1,"cte_essentials:plate_0_boots":1,"minecraft:stone_sword":1,"mmorpg:material/fishing/0":5,"minecraft:rotten_flesh":15,"minecraft:clay_ball":2,"cte_essentials:plate_0_chestplate":2,"mmorpg:jewelry/necklace/iron":2,"minecraft:salmon":2,"minecraft:potato":5,"farmersdelight:flint_knife":2,"minecraft:gunpowder":1,"minecraft:azalea_leaves":2,"cte_essentials:cloth_0_helmet":1,"minecraft:oak_sapling":4,"mmorpg:rare_mats/fishing/lesser":5,"minecraft:stone_bricks":1,"minecraft:bow":1,"lightmanscurrency:coin_iron":1,"minecraft:arrow":2,"minecraft:blue_orchid":1,"stalwart_dungeons:wooden_hammer":2,"cte_essentials:leather_0_boots":1,"cte_essentials:leather_0_leggings":1},"minecraft:used":{"minecraft:moss_block":4,"minecraft:iron_sword":11,"minecraft:zombie_spawn_egg":1,"minecraft:dirt":2,"farmersdelight:flint_knife":148,"minecraft:mud_brick_stairs":1,"minecraft:dark_oak_planks":11,"minecraft:wooden_axe":2,"minecraft:lantern":1,"minecraft:blue_orchid":1,"minecraft:packed_mud":5,"minecraft:mud_bricks":6,"minecraft:dark_oak_stairs":1,"farmersdelight:iron_knife":445,"minecraft:oak_planks":10,"minecraft:ender_pearl":1,"minecraft:crafting_table":2,"minecraft:magenta_bed":1,"minecraft:crossbow":22,"minecraft:white_bed":1,"minecraft:gray_terracotta":1,"minecraft:bread":6,"minecraft:iron_pickaxe":79,"minecraft:netherite_axe":88,"minecraft:fishing_rod":21,"minecraft:cobblestone":53,"minecraft:oak_boat":3,"minecraft:experience_bottle":8},"minecraft:picked_up":{"minecraft:wooden_axe":1,"minecraft:mud":2,"mmorpg:gems/topaz/0":1,"mmorpg:gems/sapphire/0":1,"minecraft:diamond_sword":1,"mmorpg:jewelry/ring/iron":1,"minecraft:string":5,"minecraft:raw_copper":60,"minecraft:wooden_sword":2,"minecraft:pufferfish":1,"minecraft:blackstone":5,"mmorpg:jewel/dex":1,"minecraft:blue_orchid":2,"minecraft:cracked_stone_bricks":1,"minecraft:spruce_planks":2,"minecraft:oak_boat":1,"cte_essentials:cloth_0_helmet":2,"minecraft:calcite":3,"minecraft:azalea_leaves":2,"mmorpg:currency/chaos_orb":1,"mmorpg:material/fishing/0":10,"cte_essentials:plate_1_helmet":3,"mmorpg:gems/amethyst/0":2,"wstweaks:fragment":1,"mmorpg:skill_gems/support/dex":2,"minecraft:stick":5,"minecraft:raw_gold_block":17,"mmorpg:jewelry/necklace/iron":4,"minecraft:trident":5,"mmorpg:skill_gems/support/int":1,"minecraft:redstone":3,"mmorpg:jewel/str":1,"cte_essentials:plate_0_leggings":1,"minecraft:green_terracotta":3,"minecraft:dark_oak_planks":19,"minecraft:stone_sword":1,"minecraft:arrow":33,"minecraft:rotten_flesh":30,"minecraft:polished_basalt":2,"alexsmobs:lost_tentacle":1,"minecraft:green_wool":2,"minecraft:gold_ingot":5,"minecraft:cod":3,"minecraft:cobblestone":70,"minecraft:nautilus_shell":1,"minecraft:mud_bricks":6,"minecraft:air":0,"minecraft:feather":3,"mmorpg:rare_mats/fishing/medium":1,"stalwart_dungeons:wooden_hammer":2,"minecraft:salmon":3,"mmorpg:gems/azurite/0":1,"minecraft:mud_brick_stairs":1,"minecraft:packed_mud":8,"minecraft:oak_log":6,"minecraft:lily_pad":10,"minecraft:magenta_bed":1,"minecraft:gunpowder":6,"farmersdelight:flint_knife":8,"minecraft:dirt":2,"minecraft:lantern":1,"minecraft:bone":54,"farmersdelight:iron_knife":13,"minecraft:stone_bricks":1,"minecraft:kelp":1,"minecraft:gray_terracotta":1,"minecraft:bow":2,"minecraft:spruce_wood":1,"cte_essentials:plate_1_chestplate":1,"cte_essentials:cloth_2_boots":1,"minecraft:netherite_axe":1,"minecraft:moss_block":10,"minecraft:iron_sword":1,"minecraft:dark_oak_stairs":1,"aquaculture:atlantic_herring":1,"minecraft:book":10,"mmorpg:skill_gems/support/str":2,"cte_essentials:plate_0_chestplate":2,"mmorpg:offhand/tome/wood":1,"minecraft:black_terracotta":1,"minecraft:emerald_block":6,"minecraft:yellow_concrete":2,"minecraft:stone_brick_slab":1,"cte_essentials:plate_0_boots":1,"minecraft:lime_terracotta":2,"minecraft:poisonous_potato":1,"mmorpg:stat_soul":8,"minecraft:white_bed":1,"minecraft:spider_eye":3,"minecraft:mossy_cobblestone":2,"mmorpg:jewel/int":1,"alexsmobs:raw_catfish":6,"mmorpg:rare_mats/fishing/lesser":9,"minecraft:slime_ball":20,"minecraft:stone_axe":1,"endersdelight:enderman_sight":2,"cte_essentials:plate_1_leggings":1,"minecraft:crossbow":3,"mmorpg:rare_mats/mining/lesser":2,"minecraft:emerald":1,"aquaculture:box":1,"minecraft:oak_sapling":4,"mmorpg:gems/amethyst/1":1,"minecraft:chorus_fruit":1,"minecraft:dark_oak_wood":8,"minecraft:coal":2,"minecraft:ender_pearl":2}},"DataVersion":3465}