{"stats":{"minecraft:killed":{"minecraft:witch":16,"monsterplus:swamp_zombie":24,"minecraft:spider":18,"aquaculture:gar":2,"alexsmobs:shoebill":1,"aquaculture:smallmouth_bass":1,"aquaculture:muskellunge":2,"minecraft:skeleton":57,"minecraft:chicken":1,"illagerinvasion:provoker":1,"minecraft:illusioner":1,"crabbersdelight:crab":5,"aquaculture:carp":5,"minecraft:cat":1,"minecraft:magma_cube":18,"minecraft:parrot":2,"minecraft:pig":1,"minecraft:zombie_villager":1,"riskofrain_mobs:lemurian_entity":3,"stalwart_dungeons:giddy_blaze":5,"minecraft:creeper":4,"minecraft:pillager":24,"minecraft:zombie":72,"creeperoverhaul:swamp_creeper":2,"monsterplus:lava_squid":2,"minecraft:blaze":8,"aquaculture:bluegill":4,"minecraft:vindicator":1,"minecraft:slime":45,"stalwart_dungeons:nether_wart_cocoon":1,"mmorpg:zombie":4,"minecraft:drowned":7,"realmrpg_wyrms:red_wyrm":1,"minecraft:husk":8,"minecraft:frog":7,"aquaculture:jellyfish":1,"minecraft:squid":12,"alexsmobs:catfish":1,"alexsmobs:crocodile":2,"riskofrain_mobs:stone_golem_entity":1,"mutantmonsters:mutant_zombie":2,"minecraft:wither_skeleton":3,"minecraft:villager":1,"minecraft:enderman":4},"minecraft:dropped":{"aquaculture:carp":1,"farmersdelight:iron_knife":3,"minecraft:iron_sword":1,"minecraft:moss_block":1,"minecraft:red_sandstone":4,"minecraft:crossbow":6,"minecraft:lime_terracotta":2,"minecraft:jungle_planks":6,"minecraft:rail":1,"minecraft:packed_mud":1,"minecraft:dark_oak_log":7,"aquaculture:gar":1,"minecraft:polished_blackstone_brick_stairs":2,"minecraft:dark_oak_wood":5,"cte_essentials:leather_0_chestplate":1,"minecraft:gilded_blackstone":4,"minecraft:amethyst_shard":4,"minecraft:dark_oak_planks":5,"cte_essentials:plate_0_leggings":1,"minecraft:green_wool":2,"minecraft:bone":1,"minecraft:chiseled_polished_blackstone":1,"cte_essentials:plate_0_boots":2,"minecraft:nether_brick":5,"minecraft:beetroot":1,"minecraft:rotten_flesh":46,"cte_essentials:plate_0_chestplate":2,"minecraft:salmon":2,"minecraft:carrot":1,"minecraft:trident":1,"minecraft:gunpowder":1,"minecraft:azalea_leaves":2,"aquaculture:bluegill":2,"minecraft:charcoal":10,"minecraft:jungle_stairs":1,"minecraft:beetroot_seeds":3,"cte_essentials:cloth_0_helmet":1,"minecraft:spruce_wood":10,"minecraft:spruce_slab":9,"minecraft:arrow":2,"minecraft:cracked_nether_bricks":1,"minecraft:netherrack":5,"minecraft:crimson_planks":2,"cte_essentials:leather_0_boots":1,"minecraft:iron_ingot":11,"doggytalents:demon_horns":1,"minecraft:wheat_seeds":3,"minecraft:cobbled_deepslate_stairs":1,"mmorpg:offhand/dodge/iron":1,"minecraft:coal":4,"minecraft:cobweb":7,"minecraft:jungle_slab":2,"minecraft:deepslate_brick_stairs":4,"cte_essentials:plate_1_helmet":1,"minecraft:wooden_axe":1,"aquaculture:atlantic_herring":1,"minecraft:nether_wart_block":1,"aquaculture:jellyfish":1,"minecraft:mud":1,"minecraft:polished_basalt":2,"minecraft:string":2,"minecraft:lily_pad":10,"stalwart_dungeons:stone_hammer":1,"minecraft:stone_brick_slab":1,"minecraft:brick_wall":2,"mmorpg:rare_mats/fishing/medium":1,"minecraft:kelp":1,"minecraft:stone_sword":1,"minecraft:cobblestone_wall":1,"mmorpg:material/fishing/0":5,"minecraft:white_carpet":1,"minecraft:clay_ball":2,"minecraft:nether_bricks":2,"minecraft:spruce_fence":2,"mmorpg:jewelry/necklace/iron":2,"minecraft:flint_and_steel":2,"minecraft:potato":5,"farmersdelight:flint_knife":3,"minecraft:shield":2,"minecraft:spruce_planks":11,"minecraft:oak_sapling":4,"mmorpg:rare_mats/fishing/lesser":5,"minecraft:stone_bricks":1,"minecraft:red_sand":1,"lightmanscurrency:coin_iron":1,"minecraft:bow":1,"minecraft:blue_orchid":1,"stalwart_dungeons:wooden_hammer":3,"cte_essentials:leather_0_leggings":1},"minecraft:used":{"minecraft:moss_block":5,"minecraft:red_sand":1,"minecraft:poppy":2,"minecraft:iron_sword":11,"minecraft:zombie_spawn_egg":1,"lootr:trophy":1,"minecraft:soul_sand":9,"minecraft:obsidian":11,"minecraft:lantern":1,"minecraft:blue_orchid":1,"minecraft:packed_mud":5,"minecraft:redstone_lamp":7,"minecraft:dark_oak_stairs":1,"minecraft:oak_planks":10,"minecraft:blackstone":4,"minecraft:ender_pearl":1,"stalwart_dungeons:transient_block_close":3,"stalwart_dungeons:soul_bricks":1,"minecraft:crossbow":22,"minecraft:bread":16,"minecraft:lectern":1,"minecraft:oak_boat":3,"minecraft:experience_bottle":8,"minecraft:flint_and_steel":1,"minecraft:tinted_glass":2,"minecraft:netherrack":5,"gateways:gate_pearl":3,"minecraft:dirt":2,"farmersdelight:flint_knife":241,"create:polished_cut_asurine":2,"minecraft:mud_brick_stairs":1,"minecraft:dark_oak_planks":17,"minecraft:wooden_axe":2,"stalwart_dungeons:soul_magma_bricks":3,"minecraft:mud_bricks":6,"farmersdelight:iron_knife":760,"minecraft:crafting_table":2,"minecraft:magenta_bed":1,"minecraft:white_bed":1,"minecraft:gray_terracotta":1,"minecraft:diamond_pickaxe":114,"farmersdelight:cake_slice":1,"minecraft:iron_pickaxe":96,"minecraft:netherite_axe":124,"mmorpg:weapon/staff/iron":3,"mmorpg:weapon/staff/wood":27,"minecraft:fishing_rod":21,"minecraft:cobblestone":53},"minecraft:mined":{"minecraft:dark_oak_planks":19,"stalwart_dungeons:transient_block_open":2,"minecraft:spruce_planks":11,"minecraft:jungle_slab":2,"minecraft:brewing_stand":3,"minecraft:obsidian":9,"minecraft:granite":1,"minecraft:chiseled_polished_blackstone":1,"minecraft:red_sand":1,"minecraft:grass_block":2,"minecraft:mud_bricks":2,"minecraft:nether_wart":8,"minecraft:gilded_blackstone":4,"minecraft:spawner":21,"minecraft:tall_seagrass":8,"minecraft:magma_block":3,"minecraft:fire":3,"minecraft:moss_carpet":5,"minecraft:pointed_dripstone":1,"stalwart_dungeons:soul_magma_bricks":3,"minecraft:deepslate_brick_stairs":3,"minecraft:spruce_wood":1,"minecraft:blue_orchid":1,"minecraft:spruce_slab":3,"minecraft:blackstone":6,"stalwart_dungeons:transient_block_close":1,"minecraft:amethyst_cluster":2,"minecraft:jungle_stairs":1,"minecraft:dark_oak_wood":9,"minecraft:poppy":3,"minecraft:mud_brick_stairs":1,"minecraft:seagrass":1,"minecraft:nether_wart_block":1,"minecraft:tinted_glass":2,"minecraft:magenta_bed":1,"minecraft:grass":4,"minecraft:oak_log":6,"minecraft:waxed_exposed_cut_copper_slab":1,"minecraft:crimson_planks":2,"minecraft:netherrack":14,"minecraft:oak_leaves":1,"minecraft:redstone_lamp":1,"minecraft:emerald_block":6,"minecraft:mossy_cobblestone":2,"stalwart_dungeons:soul_bricks":5,"minecraft:nether_bricks":2,"minecraft:jungle_planks":6,"minecraft:redstone_wire":1,"minecraft:moss_block":10,"minecraft:cracked_nether_bricks":1,"minecraft:waxed_oxidized_cut_copper":1,"minecraft:packed_mud":5,"minecraft:raw_gold_block":17,"minecraft:red_sandstone":4,"minecraft:polished_basalt":1,"create:polished_cut_asurine":2,"minecraft:gold_block":1,"minecraft:polished_deepslate":1,"minecraft:bookshelf":8,"minecraft:vine":1,"minecraft:lantern":1,"minecraft:stone":33,"fastpaintings:painting":1,"minecraft:green_wool":2,"minecraft:glass_pane":2,"minecraft:soul_sand":11,"minecraft:brick_wall":2,"minecraft:polished_blackstone_brick_wall":1,"minecraft:oak_fence":6,"minecraft:honey_block":1,"minecraft:rose_bush":2,"minecraft:lectern":1,"minecraft:copper_ore":12,"minecraft:polished_blackstone_brick_stairs":2,"minecraft:cracked_deepslate_bricks":1,"minecraft:cobblestone_wall":1,"minecraft:white_carpet":1,"minecraft:yellow_concrete":2,"minecraft:dripstone_block":1,"minecraft:cobweb":10,"minecraft:cracked_stone_bricks":1,"minecraft:stone_bricks":2,"minecraft:mossy_stone_bricks":1,"minecraft:iron_trapdoor":1},"minecraft:crafted":{"minecraft:oak_planks":6,"minecraft:crafting_table":2,"minecraft:diamond_pickaxe":1,"sophisticatedbackpacks:diamond_backpack":1,"minecraft:stick":1,"minecraft:iron_pickaxe":1,"illagerinvasion:platinum_sheet":2,"minecraft:dark_oak_planks":3,"sophisticatedbackpacks:iron_backpack":1,"sophisticatedbackpacks:gold_backpack":1,"minecraft:air":51,"minecraft:oak_boat":2,"minecraft:wooden_axe":1},"minecraft:picked_up":{"minecraft:wooden_axe":1,"minecraft:iron_trapdoor":1,"illagerinvasion:platinum_chunk":11,"mmorpg:gems/sapphire/0":1,"doggytalents:demon_horns":1,"minecraft:diamond_sword":1,"minecraft:potion":1,"minecraft:gilded_blackstone":4,"minecraft:nether_brick":5,"minecraft:crimson_planks":2,"minecraft:brewing_stand":3,"mmorpg:skill_gems/aura/dex":1,"cte_essentials:plate_0_helmet":1,"minecraft:polished_blackstone_brick_stairs":2,"minecraft:string":48,"minecraft:raw_copper":60,"minecraft:pufferfish":1,"mmorpg:jewel/dex":1,"minecraft:beetroot":1,"minecraft:red_sand":2,"minecraft:spruce_planks":11,"minecraft:rose_bush":1,"minecraft:calcite":3,"mmorpg:currency/chaos_orb":1,"mmorpg:material/fishing/0":10,"minecraft:azalea_leaves":2,"mmorpg:gems/emerald/1":1,"mmorpg:gems/amethyst/0":2,"mmorpg:currency/socket_adder":1,"wstweaks:fragment":1,"mmorpg:gems/opal/0":1,"minecraft:stick":16,"minecraft:brick_wall":2,"minecraft:porkchop":2,"mmorpg:jewelry/necklace/iron":6,"cte_essentials:plate_0_leggings":1,"minecraft:green_terracotta":3,"stalwart_dungeons:soul_magma_bricks":3,"minecraft:stone_sword":1,"minecraft:rotten_flesh":100,"minecraft:polished_basalt":2,"alexsmobs:lost_tentacle":1,"minecraft:green_wool":2,"mmorpg:runes/ita":2,"supplementaries:ash":1,"minecraft:blaze_rod":6,"minecraft:deepslate_brick_stairs":4,"minecraft:obsidian":9,"minecraft:cod":3,"minecraft:blaze_powder":4,"minecraft:cobblestone":100,"minecraft:nautilus_shell":1,"minecraft:magma_block":4,"minecraft:feather":7,"minecraft:magma_cream":1,"mmorpg:rare_mats/fishing/medium":1,"stalwart_dungeons:wooden_hammer":5,"mmorpg:gems/azurite/0":1,"minecraft:mud_brick_stairs":1,"minecraft:potato":1,"minecraft:magenta_bed":1,"minecraft:dirt":15,"minecraft:lantern":1,"mmorpg:currency/jewel_corrupt":1,"minecraft:bone":83,"farmersdelight:iron_knife":14,"minecraft:gray_terracotta":1,"minecraft:bow":4,"minecraft:wheat_seeds":3,"cte_essentials:plate_1_chestplate":1,"minecraft:netherite_axe":1,"minecraft:glowstone_dust":6,"minecraft:moss_block":12,"aquaculture:atlantic_herring":1,"aquaculture:jellyfish":1,"mmorpg:skill_gems/support/str":2,"cte_essentials:plate_0_chestplate":3,"mmorpg:offhand/tome/wood":1,"minecraft:black_terracotta":1,"aquaculture:gar":1,"minecraft:chiseled_polished_blackstone":1,"crabbersdelight:crab":5,"minecraft:lime_terracotta":2,"minecraft:poisonous_potato":4,"minecraft:jungle_planks":6,"minecraft:ink_sac":3,"minecraft:jungle_slab":2,"minecraft:mossy_cobblestone":2,"mmorpg:jewel/int":1,"minecraft:sugar":6,"mmorpg:rare_mats/fishing/lesser":9,"endersdelight:enderman_sight":3,"mmorpg:gems/ruby/0":1,"minecraft:crossbow":9,"mmorpg:rare_mats/mining/lesser":2,"minecraft:bone_meal":1,"minecraft:golden_apple":1,"minecraft:emerald":9,"aquaculture:box":1,"minecraft:oak_sapling":4,"minecraft:chorus_fruit":2,"minecraft:netherrack":10,"minecraft:mud":4,"mmorpg:stone/2":2,"mmorpg:gems/topaz/0":4,"minecraft:nether_wart":18,"minecraft:redstone_lamp":1,"mmorpg:jewelry/ring/iron":1,"minecraft:gold_block":1,"stalwart_dungeons:soul_bricks":5,"minecraft:shield":2,"minecraft:moss_carpet":5,"minecraft:wooden_sword":2,"minecraft:flint_and_steel":1,"minecraft:item_frame":1,"minecraft:white_carpet":1,"minecraft:blackstone":9,"minecraft:blue_orchid":2,"minecraft:cracked_stone_bricks":1,"aquaculture:bluegill":2,"minecraft:oak_boat":1,"cte_essentials:cloth_0_helmet":2,"mmorpg:stone/0":4,"minecraft:poppy":4,"minecraft:spruce_slab":9,"minecraft:lectern":1,"minecraft:tinted_glass":2,"cte_essentials:plate_1_helmet":3,"mmorpg:skill_gems/support/dex":3,"minecraft:raw_gold_block":17,"minecraft:spruce_fence":2,"minecraft:carrot":6,"minecraft:trident":6,"mmorpg:skill_gems/support/int":3,"minecraft:redstone":12,"mmorpg:jewel/str":1,"mmorpg:runes/nos":1,"alexsmobs:crocodile_scute":2,"minecraft:dark_oak_planks":19,"create:polished_cut_asurine":2,"minecraft:arrow":48,"minecraft:beetroot_seeds":8,"minecraft:jungle_stairs":1,"minecraft:nether_bricks":2,"aquaculture:carp":1,"minecraft:gold_ingot":5,"minecraft:skeleton_skull":3,"minecraft:rail":1,"minecraft:mud_bricks":6,"minecraft:air":0,"minecraft:salmon":3,"minecraft:packed_mud":9,"minecraft:oak_log":6,"minecraft:lily_pad":18,"minecraft:gunpowder":9,"minecraft:nether_wart_block":1,"minecraft:cobbled_deepslate_stairs":1,"minecraft:cobblestone_wall":1,"farmersdelight:flint_knife":10,"minecraft:stone_bricks":1,"minecraft:kelp":1,"minecraft:red_sandstone":4,"minecraft:spruce_wood":1,"minecraft:iron_ingot":2,"cte_essentials:cloth_2_boots":1,"minecraft:glass_bottle":13,"minecraft:iron_sword":2,"minecraft:soul_sand":9,"minecraft:dark_oak_stairs":1,"stalwart_dungeons:transient_block_close":3,"minecraft:book":28,"minecraft:emerald_block":6,"minecraft:yellow_concrete":2,"minecraft:stone_brick_slab":1,"cte_essentials:plate_0_boots":2,"minecraft:cracked_nether_bricks":1,"mmorpg:stat_soul":13,"minecraft:amethyst_shard":4,"minecraft:white_bed":1,"mmorpg:weapon/staff/wood":4,"minecraft:spider_eye":13,"mmorpg:offhand/dodge/wood":1,"alexsmobs:raw_catfish":6,"minecraft:pumpkin_seeds":3,"minecraft:slime_ball":20,"mmorpg:gems/tourmaline/1":1,"minecraft:stone_axe":1,"minecraft:honey_block":1,"cte_essentials:plate_1_leggings":1,"mmorpg:stone/1":5,"minecraft:dark_oak_wood":8,"mmorpg:gems/amethyst/1":1,"mmorpg:offhand/dodge/iron":1,"minecraft:coal":8,"minecraft:ender_pearl":2},"minecraft:custom":{"minecraft:blood":0,"lootr:looted_stat":164,"minecraft:dexterity":11,"minecraft:interact_with_crafting_table":15,"minecraft:open_barrel":6,"minecraft:bell_ring":2,"minecraft:leave_game":5,"minecraft:time_since_death":7693,"minecraft:damage_resisted":4,"minecraft:sprint_one_cm":510543,"minecraft:drop":114,"minecraft:health":396,"minecraft:talked_to_villager":1,"minecraft:play_time":393694,"minecraft:deaths":43,"minecraft:jump":4812,"minecraft:energy":200,"minecraft:walk_on_water_one_cm":190198,"minecraft:enchant_item":2,"minecraft:interact_with_furnace":9,"minecraft:intelligence":31,"minecraft:sleep_in_bed":1,"minecraft:levels_gained":16,"minecraft:waystone_activated":2,"minecraft:damage_dealt":37395,"minecraft:crouch_one_cm":6878,"minecraft:interact_with_smoker":2,"minecraft:inspect_dispenser":1,"minecraft:mob_kills":398,"minecraft:damage_dealt_resisted":220,"minecraft:climb_one_cm":20461,"minecraft:mana":200,"minecraft:magic_shield":0,"minecraft:walk_one_cm":790488,"minecraft:damage_dealt_absorbed":94,"minecraft:sneak_time":2758,"minecraft:walk_under_water_one_cm":89969,"minecraft:boat_one_cm":143484,"minecraft:interact_with_blast_furnace":1,"minecraft:total_world_time":393694,"minecraft:move_speed":0,"minecraft:tune_noteblock":1,"minecraft:time_since_rest":7726,"minecraft:damage_taken":27411,"minecraft:damage_absorbed":2890,"minecraft:swim_one_cm":219904,"minecraft:fly_one_cm":894095,"minecraft:open_chest":238,"minecraft:strength":10,"minecraft:fish_caught":8,"minecraft:fall_one_cm":138097},"minecraft:killed_by":{"mutantmonsters:mutant_zombie":2,"minecraft:piglin_brute":1,"minecraft:creeper":2,"minecraft:pillager":1,"minecraft:drowned":2,"monsterplus:swamp_zombie":2,"minecraft:witch":1,"minecraft:zombie":7,"minecraft:player":8,"stalwart_dungeons:giddy_blaze":1,"minecraft:skeleton":14},"minecraft:broken":{"minecraft:iron_chestplate":1,"minecraft:iron_leggings":2,"farmersdelight:flint_knife":1,"cte_essentials:leather_0_helmet":1,"cte_essentials:plate_1_chestplate":1,"farmersdelight:iron_knife":2}},"DataVersion":3465}