{"stats":{"minecraft:custom":{"minecraft:blood":0,"lootr:looted_stat":143,"minecraft:dexterity":18,"minecraft:interact_with_crafting_table":15,"minecraft:open_barrel":5,"minecraft:bell_ring":2,"minecraft:leave_game":4,"minecraft:time_since_death":2300,"minecraft:damage_resisted":0,"minecraft:sprint_one_cm":374306,"minecraft:drop":88,"minecraft:health":406,"minecraft:talked_to_villager":1,"minecraft:play_time":311477,"minecraft:deaths":33,"minecraft:jump":3689,"minecraft:energy":200,"minecraft:walk_on_water_one_cm":171674,"minecraft:enchant_item":2,"minecraft:interact_with_furnace":7,"minecraft:intelligence":16,"minecraft:sleep_in_bed":1,"minecraft:levels_gained":16,"minecraft:waystone_activated":1,"minecraft:damage_dealt":36453,"minecraft:crouch_one_cm":4545,"minecraft:interact_with_smoker":2,"minecraft:mob_kills":279,"minecraft:damage_dealt_resisted":220,"minecraft:climb_one_cm":12875,"minecraft:mana":200,"minecraft:magic_shield":0,"minecraft:walk_one_cm":528966,"minecraft:damage_dealt_absorbed":94,"minecraft:sneak_time":1622,"minecraft:walk_under_water_one_cm":83479,"minecraft:boat_one_cm":143484,"minecraft:interact_with_blast_furnace":1,"minecraft:total_world_time":311477,"minecraft:move_speed":0,"minecraft:tune_noteblock":1,"minecraft:time_since_rest":2337,"minecraft:damage_absorbed":2383,"minecraft:damage_taken":20478,"minecraft:swim_one_cm":182539,"minecraft:fly_one_cm":661450,"minecraft:open_chest":193,"minecraft:strength":7,"minecraft:fish_caught":8,"minecraft:fall_one_cm":87612},"minecraft:broken":{"minecraft:iron_leggings":1,"farmersdelight:flint_knife":1,"cte_essentials:leather_0_helmet":1,"cte_essentials:plate_1_chestplate":1,"farmersdelight:iron_knife":2},"minecraft:mined":{"minecraft:dark_oak_planks":19,"minecraft:spruce_planks":11,"minecraft:jungle_slab":2,"minecraft:brewing_stand":3,"minecraft:obsidian":8,"minecraft:granite":1,"minecraft:grass_block":2,"minecraft:mud_bricks":2,"minecraft:spawner":17,"minecraft:tall_seagrass":8,"minecraft:magma_block":3,"minecraft:fire":3,"minecraft:pointed_dripstone":1,"minecraft:deepslate_brick_stairs":3,"minecraft:spruce_wood":1,"minecraft:blue_orchid":1,"minecraft:spruce_slab":3,"minecraft:amethyst_cluster":2,"minecraft:jungle_stairs":1,"minecraft:dark_oak_wood":9,"minecraft:mud_brick_stairs":1,"minecraft:seagrass":1,"minecraft:magenta_bed":1,"minecraft:grass":4,"minecraft:oak_log":6,"minecraft:waxed_exposed_cut_copper_slab":1,"minecraft:crimson_planks":2,"minecraft:netherrack":5,"minecraft:emerald_block":6,"minecraft:mossy_cobblestone":2,"minecraft:jungle_planks":6,"minecraft:redstone_wire":1,"minecraft:moss_block":9,"minecraft:waxed_oxidized_cut_copper":1,"minecraft:packed_mud":5,"minecraft:raw_gold_block":17,"minecraft:polished_basalt":1,"create:polished_cut_asurine":2,"minecraft:gold_block":1,"minecraft:polished_deepslate":1,"minecraft:bookshelf":8,"minecraft:vine":1,"minecraft:lantern":1,"minecraft:stone":5,"fastpaintings:painting":1,"minecraft:green_wool":2,"minecraft:brick_wall":2,"minecraft:oak_fence":6,"minecraft:honey_block":1,"minecraft:lectern":1,"minecraft:copper_ore":12,"minecraft:cracked_deepslate_bricks":1,"minecraft:white_carpet":1,"minecraft:yellow_concrete":2,"minecraft:dripstone_block":1,"minecraft:cobweb":9,"minecraft:cracked_stone_bricks":1,"minecraft:stone_bricks":2,"minecraft:mossy_stone_bricks":1},"minecraft:killed":{"minecraft:witch":16,"monsterplus:swamp_zombie":15,"minecraft:spider":12,"aquaculture:gar":1,"alexsmobs:shoebill":1,"aquaculture:smallmouth_bass":1,"aquaculture:muskellunge":1,"minecraft:skeleton":43,"minecraft:chicken":1,"minecraft:illusioner":1,"aquaculture:carp":5,"minecraft:parrot":2,"minecraft:zombie_villager":1,"riskofrain_mobs:lemurian_entity":1,"minecraft:creeper":4,"minecraft:pillager":24,"minecraft:zombie":59,"minecraft:blaze":2,"aquaculture:bluegill":3,"minecraft:vindicator":1,"minecraft:slime":27,"mmorpg:zombie":4,"minecraft:drowned":6,"minecraft:husk":8,"minecraft:frog":7,"aquaculture:jellyfish":1,"minecraft:squid":9,"alexsmobs:catfish":1,"alexsmobs:crocodile":2,"riskofrain_mobs:stone_golem_entity":1,"mutantmonsters:mutant_zombie":1,"minecraft:wither_skeleton":2,"minecraft:enderman":4},"minecraft:killed_by":{"mutantmonsters:mutant_zombie":2,"minecraft:creeper":2,"minecraft:pillager":1,"minecraft:drowned":1,"monsterplus:swamp_zombie":1,"minecraft:witch":1,"minecraft:zombie":3,"minecraft:player":8,"minecraft:skeleton":12},"minecraft:crafted":{"minecraft:oak_planks":6,"minecraft:crafting_table":2,"minecraft:diamond_pickaxe":1,"sophisticatedbackpacks:diamond_backpack":1,"minecraft:stick":1,"minecraft:iron_pickaxe":1,"illagerinvasion:platinum_sheet":2,"minecraft:dark_oak_planks":3,"sophisticatedbackpacks:iron_backpack":1,"sophisticatedbackpacks:gold_backpack":1,"minecraft:air":51,"minecraft:oak_boat":2,"minecraft:wooden_axe":1},"minecraft:dropped":{"aquaculture:carp":1,"farmersdelight:iron_knife":3,"minecraft:iron_sword":1,"minecraft:moss_block":1,"minecraft:crossbow":5,"minecraft:lime_terracotta":2,"minecraft:jungle_planks":6,"minecraft:dark_oak_log":7,"minecraft:dark_oak_wood":5,"cte_essentials:leather_0_chestplate":1,"minecraft:dark_oak_planks":5,"cte_essentials:plate_0_leggings":1,"minecraft:green_wool":2,"cte_essentials:plate_0_boots":2,"minecraft:rotten_flesh":24,"cte_essentials:plate_0_chestplate":2,"minecraft:salmon":2,"minecraft:trident":1,"minecraft:gunpowder":1,"minecraft:azalea_leaves":2,"aquaculture:bluegill":2,"minecraft:jungle_stairs":1,"minecraft:charcoal":10,"cte_essentials:cloth_0_helmet":1,"minecraft:spruce_wood":10,"minecraft:spruce_slab":9,"minecraft:arrow":2,"minecraft:crimson_planks":2,"cte_essentials:leather_0_boots":1,"minecraft:iron_ingot":11,"minecraft:cobbled_deepslate_stairs":1,"mmorpg:offhand/dodge/iron":1,"minecraft:coal":4,"minecraft:jungle_slab":2,"minecraft:deepslate_brick_stairs":4,"minecraft:wooden_axe":1,"cte_essentials:plate_1_helmet":1,"aquaculture:atlantic_herring":1,"aquaculture:jellyfish":1,"minecraft:polished_basalt":2,"minecraft:mud":1,"minecraft:string":2,"stalwart_dungeons:stone_hammer":1,"minecraft:lily_pad":10,"minecraft:stone_brick_slab":1,"minecraft:brick_wall":2,"mmorpg:rare_mats/fishing/medium":1,"minecraft:kelp":1,"minecraft:stone_sword":1,"mmorpg:material/fishing/0":5,"minecraft:white_carpet":1,"minecraft:clay_ball":2,"minecraft:spruce_fence":2,"mmorpg:jewelry/necklace/iron":2,"minecraft:flint_and_steel":1,"minecraft:potato":5,"minecraft:shield":2,"farmersdelight:flint_knife":3,"minecraft:spruce_planks":11,"minecraft:oak_sapling":4,"mmorpg:rare_mats/fishing/lesser":5,"minecraft:stone_bricks":1,"lightmanscurrency:coin_iron":1,"minecraft:blue_orchid":1,"minecraft:bow":1,"stalwart_dungeons:wooden_hammer":2,"cte_essentials:leather_0_leggings":1},"minecraft:used":{"minecraft:moss_block":4,"minecraft:iron_sword":11,"minecraft:zombie_spawn_egg":1,"lootr:trophy":1,"minecraft:obsidian":10,"minecraft:lantern":1,"minecraft:blue_orchid":1,"minecraft:packed_mud":5,"minecraft:dark_oak_stairs":1,"minecraft:oak_planks":10,"minecraft:ender_pearl":1,"minecraft:crossbow":22,"minecraft:bread":13,"minecraft:oak_boat":3,"minecraft:experience_bottle":8,"minecraft:flint_and_steel":1,"gateways:gate_pearl":3,"minecraft:dirt":2,"farmersdelight:flint_knife":241,"minecraft:mud_brick_stairs":1,"minecraft:wooden_axe":2,"minecraft:dark_oak_planks":17,"minecraft:mud_bricks":6,"farmersdelight:iron_knife":760,"minecraft:crafting_table":2,"minecraft:magenta_bed":1,"minecraft:white_bed":1,"minecraft:gray_terracotta":1,"minecraft:diamond_pickaxe":20,"farmersdelight:cake_slice":1,"minecraft:iron_pickaxe":96,"minecraft:netherite_axe":124,"mmorpg:weapon/staff/iron":3,"minecraft:fishing_rod":21,"minecraft:cobblestone":53},"minecraft:picked_up":{"minecraft:wooden_axe":1,"illagerinvasion:platinum_chunk":11,"mmorpg:gems/sapphire/0":1,"minecraft:diamond_sword":1,"minecraft:potion":1,"minecraft:crimson_planks":2,"minecraft:brewing_stand":3,"cte_essentials:plate_0_helmet":1,"minecraft:string":41,"minecraft:raw_copper":60,"minecraft:pufferfish":1,"mmorpg:jewel/dex":1,"minecraft:spruce_planks":11,"minecraft:calcite":3,"mmorpg:currency/chaos_orb":1,"mmorpg:material/fishing/0":10,"minecraft:azalea_leaves":2,"mmorpg:gems/amethyst/0":2,"mmorpg:currency/socket_adder":1,"wstweaks:fragment":1,"mmorpg:gems/opal/0":1,"minecraft:stick":16,"minecraft:brick_wall":2,"mmorpg:jewelry/necklace/iron":5,"cte_essentials:plate_0_leggings":1,"minecraft:green_terracotta":3,"minecraft:stone_sword":1,"minecraft:rotten_flesh":78,"minecraft:polished_basalt":2,"alexsmobs:lost_tentacle":1,"minecraft:green_wool":2,"mmorpg:runes/ita":2,"supplementaries:ash":1,"minecraft:blaze_rod":1,"minecraft:obsidian":8,"minecraft:deepslate_brick_stairs":4,"minecraft:cod":3,"minecraft:blaze_powder":2,"minecraft:cobblestone":71,"minecraft:nautilus_shell":1,"minecraft:magma_block":2,"minecraft:feather":7,"mmorpg:rare_mats/fishing/medium":1,"stalwart_dungeons:wooden_hammer":4,"mmorpg:gems/azurite/0":1,"minecraft:mud_brick_stairs":1,"minecraft:potato":1,"minecraft:magenta_bed":1,"minecraft:dirt":15,"minecraft:lantern":1,"mmorpg:currency/jewel_corrupt":1,"minecraft:bone":69,"farmersdelight:iron_knife":14,"minecraft:gray_terracotta":1,"minecraft:bow":3,"cte_essentials:plate_1_chestplate":1,"minecraft:netherite_axe":1,"minecraft:glowstone_dust":6,"minecraft:moss_block":11,"aquaculture:atlantic_herring":1,"aquaculture:jellyfish":1,"mmorpg:skill_gems/support/str":2,"cte_essentials:plate_0_chestplate":2,"mmorpg:offhand/tome/wood":1,"minecraft:black_terracotta":1,"minecraft:lime_terracotta":2,"minecraft:poisonous_potato":1,"minecraft:jungle_planks":6,"minecraft:ink_sac":3,"minecraft:jungle_slab":2,"minecraft:mossy_cobblestone":2,"mmorpg:jewel/int":1,"minecraft:sugar":6,"mmorpg:rare_mats/fishing/lesser":9,"endersdelight:enderman_sight":3,"mmorpg:gems/ruby/0":1,"minecraft:crossbow":9,"minecraft:bone_meal":1,"mmorpg:rare_mats/mining/lesser":2,"minecraft:golden_apple":1,"minecraft:emerald":9,"aquaculture:box":1,"minecraft:oak_sapling":4,"minecraft:netherrack":3,"minecraft:chorus_fruit":2,"minecraft:mud":2,"mmorpg:stone/2":2,"mmorpg:gems/topaz/0":2,"mmorpg:jewelry/ring/iron":1,"minecraft:gold_block":1,"minecraft:shield":2,"minecraft:wooden_sword":2,"minecraft:white_carpet":1,"minecraft:item_frame":1,"minecraft:blackstone":5,"minecraft:blue_orchid":2,"minecraft:cracked_stone_bricks":1,"aquaculture:bluegill":2,"minecraft:oak_boat":1,"cte_essentials:cloth_0_helmet":2,"mmorpg:stone/0":4,"minecraft:spruce_slab":9,"minecraft:lectern":1,"cte_essentials:plate_1_helmet":3,"mmorpg:skill_gems/support/dex":3,"minecraft:raw_gold_block":17,"minecraft:spruce_fence":2,"minecraft:redstone":8,"mmorpg:skill_gems/support/int":1,"minecraft:trident":6,"mmorpg:jewel/str":1,"mmorpg:runes/nos":1,"alexsmobs:crocodile_scute":2,"minecraft:dark_oak_planks":19,"create:polished_cut_asurine":2,"minecraft:arrow":39,"minecraft:jungle_stairs":1,"minecraft:beetroot_seeds":5,"aquaculture:carp":1,"minecraft:gold_ingot":5,"minecraft:air":0,"minecraft:mud_bricks":6,"minecraft:salmon":3,"minecraft:packed_mud":8,"minecraft:oak_log":6,"minecraft:lily_pad":18,"minecraft:cobbled_deepslate_stairs":1,"minecraft:gunpowder":9,"farmersdelight:flint_knife":10,"minecraft:stone_bricks":1,"minecraft:kelp":1,"minecraft:spruce_wood":1,"minecraft:iron_ingot":2,"cte_essentials:cloth_2_boots":1,"minecraft:glass_bottle":13,"minecraft:iron_sword":2,"minecraft:dark_oak_stairs":1,"minecraft:book":28,"minecraft:emerald_block":6,"minecraft:yellow_concrete":2,"minecraft:stone_brick_slab":1,"cte_essentials:plate_0_boots":2,"mmorpg:stat_soul":13,"minecraft:amethyst_shard":4,"minecraft:white_bed":1,"minecraft:spider_eye":13,"alexsmobs:raw_catfish":6,"minecraft:pumpkin_seeds":3,"minecraft:slime_ball":20,"mmorpg:gems/tourmaline/1":1,"minecraft:stone_axe":1,"minecraft:honey_block":1,"cte_essentials:plate_1_leggings":1,"mmorpg:stone/1":5,"mmorpg:offhand/dodge/iron":1,"minecraft:dark_oak_wood":8,"mmorpg:gems/amethyst/1":1,"minecraft:coal":8,"minecraft:ender_pearl":2}},"DataVersion":3465}