{"stats":{"minecraft:killed_by":{"minecraft:player":1},"minecraft:custom":{"minecraft:blood":0,"lootr:looted_stat":10,"minecraft:mob_kills":87,"minecraft:dexterity":21,"minecraft:intelligence":5,"minecraft:move_speed":0,"minecraft:interact_with_crafting_table":5,"minecraft:damage_dealt_resisted":0,"minecraft:leave_game":1,"minecraft:time_since_death":49038,"minecraft:climb_one_cm":2512,"minecraft:damage_resisted":0,"minecraft:levels_gained":10,"minecraft:mana":166,"minecraft:time_since_rest":49100,"minecraft:magic_shield":25,"minecraft:sprint_one_cm":120641,"minecraft:walk_one_cm":226184,"minecraft:damage_taken":1810,"minecraft:damage_absorbed":419,"minecraft:drop":29,"minecraft:damage_dealt":178,"minecraft:health":333,"minecraft:swim_one_cm":8818,"minecraft:fly_one_cm":197595,"minecraft:open_chest":18,"minecraft:crouch_one_cm":976,"minecraft:play_time":107918,"minecraft:deaths":1,"minecraft:sneak_time":376,"minecraft:walk_under_water_one_cm":6006,"minecraft:jump":991,"minecraft:energy":148,"minecraft:walk_on_water_one_cm":10047,"minecraft:strength":9,"minecraft:total_world_time":107918,"minecraft:fall_one_cm":25097},"minecraft:used":{"minecraft:player_head":1,"farmersdelight:flint_knife":22,"minecraft:crafting_table":1,"cte_essentials:plate_1_chestplate":2,"minecraft:mud":1,"minecraft:dark_oak_planks":1,"minecraft:chiseled_sandstone":3,"minecraft:iron_axe":7,"minecraft:bread":5,"minecraft:iron_pickaxe":6,"cte_essentials:plate_0_chestplate":2,"minecraft:bow":200},"minecraft:crafted":{"minecraft:oak_planks":12,"minecraft:crafting_table":2,"minecraft:air":8,"minecraft:iron_axe":1,"minecraft:stick":2,"minecraft:iron_pickaxe":1},"minecraft:picked_up":{"minecraft:crafting_table":1,"minecraft:mud":1,"mmorpg:gems/topaz/0":1,"minecraft:air":0,"cte_essentials:leather_1_leggings":1,"minecraft:cut_sandstone":1,"mmorpg:gems/azurite/0":1,"mmorpg:jewelry/ring/iron":1,"minecraft:oak_log":7,"minecraft:golden_boots":1,"minecraft:shield":2,"minecraft:gunpowder":6,"farmersdelight:flint_knife":5,"cte_essentials:leather_1_boots":1,"minecraft:string":11,"minecraft:wooden_sword":1,"minecraft:leather_boots":1,"minecraft:bone":18,"minecraft:bow":6,"mmorpg:gems/tourmaline/0":1,"minecraft:spruce_wood":4,"cte_essentials:plate_1_chestplate":1,"cte_essentials:cloth_0_helmet":2,"minecraft:player_head":3,"cte_essentials:leather_2_helmet":1,"minecraft:egg":1,"minecraft:book":14,"cte_essentials:plate_0_chestplate":1,"mmorpg:offhand/tome/wood":1,"cte_essentials:leather_0_boots":1,"minecraft:poisonous_potato":1,"sophisticatedbackpacks:backpack":1,"mmorpg:stat_soul":3,"mmorpg:weapon/staff/wood":2,"minecraft:carrot":1,"mmorpg:skill_gems/support/int":1,"minecraft:chiseled_sandstone":3,"minecraft:spider_eye":2,"minecraft:dark_oak_planks":1,"cte_essentials:cloth_0_boots":2,"mmorpg:gems/garnet/0":1,"minecraft:arrow":89,"minecraft:rotten_flesh":22,"minecraft:slime_ball":5,"aquaculture:wooden_fillet_knife":1,"minecraft:soul_lantern":1,"minecraft:crossbow":1,"stalwart_dungeons:netherite_hammer":1,"minecraft:mud_bricks":4},"minecraft:killed":{"monsterplus:swamp_zombie":4,"riskofrain_mobs:lemurian_entity":1,"minecraft:spider":12,"minecraft:frog":1,"minecraft:slime":12,"minecraft:creeper":8,"minecraft:skeleton":19,"minecraft:zombie":27,"creeperoverhaul:swamp_creeper":1,"mmorpg:zombie":1},"minecraft:dropped":{"minecraft:golden_boots":1,"cte_essentials:leather_0_boots":2,"cte_essentials:leather_0_helmet":1,"gateways:gate_pearl":1,"minecraft:player_head":1,"minecraft:crafting_table":1,"minecraft:crossbow":3,"cte_essentials:plate_0_chestplate":1,"mmorpg:weapon/staff/wood":2,"minecraft:mud_bricks":4,"minecraft:shield":2,"farmersdelight:flint_knife":1,"cte_essentials:cloth_0_helmet":1,"minecraft:leather_boots":1,"cte_essentials:leather_0_chestplate":1,"minecraft:spruce_wood":2,"cte_essentials:cloth_0_boots":2,"minecraft:wooden_sword":1,"minecraft:bow":4,"cte_essentials:leather_0_leggings":1},"minecraft:mined":{"minecraft:dark_oak_planks":1,"minecraft:spruce_planks":6,"minecraft:player_wall_head":1,"minecraft:crafting_table":1,"minecraft:mud_bricks":5,"minecraft:packed_mud":1,"minecraft:oak_log":7,"minecraft:spruce_wood":2}},"DataVersion":3465}