{"stats":{"minecraft:custom":{"minecraft:blood":0,"lootr:looted_stat":171,"minecraft:dexterity":7,"minecraft:interact_with_crafting_table":62,"minecraft:bell_ring":2,"minecraft:leave_game":5,"minecraft:time_since_death":30718,"minecraft:damage_resisted":4,"minecraft:sprint_one_cm":910530,"minecraft:drop":20,"minecraft:health":543,"minecraft:play_noteblock":3,"minecraft:talked_to_villager":4,"minecraft:play_time":542576,"minecraft:deaths":18,"minecraft:jump":4738,"minecraft:interact_with_brewingstand":3,"minecraft:energy":257,"minecraft:walk_on_water_one_cm":130918,"minecraft:interact_with_furnace":13,"minecraft:intelligence":29,"minecraft:levels_gained":20,"minecraft:waystone_activated":2,"minecraft:damage_dealt":3434,"minecraft:player_kills":8,"minecraft:crouch_one_cm":8856,"minecraft:mob_kills":612,"minecraft:damage_dealt_resisted":0,"minecraft:climb_one_cm":28034,"minecraft:mana":260,"minecraft:magic_shield":154,"minecraft:walk_one_cm":1427297,"gateways:gates_defeated":2,"minecraft:damage_dealt_absorbed":390,"minecraft:sneak_time":3125,"minecraft:walk_under_water_one_cm":55786,"minecraft:boat_one_cm":8582,"minecraft:interact_with_blast_furnace":2,"minecraft:total_world_time":542576,"minecraft:move_speed":0,"minecraft:interact_with_stonecutter":6,"minecraft:time_since_rest":30753,"minecraft:damage_taken":13850,"minecraft:damage_absorbed":9271,"minecraft:swim_one_cm":189819,"minecraft:fly_one_cm":726993,"minecraft:open_chest":601,"minecraft:strength":10,"minecraft:fall_one_cm":85595},"minecraft:broken":{"cte_essentials:cloth_0_boots":3,"cte_essentials:cloth_0_leggings":1,"minecraft:leather_leggings":1,"cte_essentials:cloth_0_chestplate":2,"minecraft:stone_axe":1,"minecraft:golden_chestplate":1,"cte_essentials:cloth_0_helmet":3,"cte_essentials:cloth_1_leggings":1,"minecraft:iron_pickaxe":5},"minecraft:mined":{"minecraft:dark_oak_planks":44,"minecraft:large_amethyst_bud":2,"create:deepslate_zinc_ore":5,"minecraft:spruce_planks":1,"minecraft:white_bed":1,"minecraft:cobbled_deepslate_stairs":3,"minecraft:black_terracotta":22,"minecraft:red_nether_bricks":1,"minecraft:brewing_stand":2,"minecraft:obsidian":2,"minecraft:granite":76,"minecraft:red_sand":13,"minecraft:grass_block":9,"minecraft:soul_soil":37,"minecraft:mud_bricks":8,"minecraft:nether_wart":16,"minecraft:spawner":44,"minecraft:dark_oak_trapdoor":1,"minecraft:iron_ore":10,"minecraft:fire":3,"minecraft:cobbled_deepslate":1,"minecraft:moss_carpet":1,"minecraft:brown_bed":2,"minecraft:fletching_table":2,"minecraft:stripped_dark_oak_wood":61,"minecraft:enchanting_table":2,"create:asurine":427,"sophisticatedstorage:chest":2,"chococraft:gysahl_green":30,"minecraft:dirt_path":1,"minecraft:water_cauldron":1,"minecraft:small_amethyst_bud":2,"minecraft:spruce_pressure_plate":6,"minecraft:deepslate_brick_stairs":4,"create:limestone":49,"minecraft:spruce_slab":6,"minecraft:deepslate_redstone_ore":19,"minecraft:brown_mushroom":1,"minecraft:polished_deepslate_stairs":1,"minecraft:soul_fire":1,"minecraft:torch":2,"minecraft:clay":38,"minecraft:dark_oak_wood":112,"minecraft:blast_furnace":4,"minecraft:calcite":25,"minecraft:poppy":14,"minecraft:chest":17,"minecraft:nether_quartz_ore":7,"minecraft:cobblestone":4,"minecraft:grindstone":2,"minecraft:oak_planks":6,"minecraft:wall_torch":2,"minecraft:amethyst_block":4,"minecraft:cauldron":1,"minecraft:mud":16,"minecraft:lapis_block":1,"minecraft:grass":3,"minecraft:oak_log":31,"minecraft:sand":1,"minecraft:dirt":5,"minecraft:stonecutter":2,"minecraft:netherrack":21,"minecraft:oak_leaves":5,"minecraft:deepslate":305,"minecraft:deepslate_tiles":13,"minecraft:crying_obsidian":3,"minecraft:tuff":29,"minecraft:mossy_cobblestone":1,"minecraft:deepslate_diamond_ore":17,"minecraft:jungle_planks":1,"minecraft:redstone_wire":1,"minecraft:spruce_leaves":1,"minecraft:moss_block":26,"minecraft:hay_block":11,"minecraft:packed_mud":9,"minecraft:furnace":6,"minecraft:raw_gold_block":1,"minecraft:polished_basalt":19,"minecraft:andesite":70,"minecraft:green_terracotta":1,"create:polished_cut_asurine":5,"minecraft:mossy_stone_brick_stairs":1,"minecraft:bookshelf":32,"minecraft:deepslate_iron_ore":30,"minecraft:stone":253,"minecraft:white_wool":9,"fastpaintings:painting":1,"minecraft:smithing_table":2,"minecraft:scaffolding":1,"minecraft:soul_sand":51,"minecraft:crafting_table":4,"minecraft:mangrove_wood":8,"minecraft:honey_block":3,"minecraft:emerald_ore":1,"minecraft:campfire":1,"minecraft:tall_grass":2,"minecraft:copper_ore":11,"minecraft:deepslate_coal_ore":1,"minecraft:lapis_ore":8,"minecraft:deepslate_gold_ore":18,"minecraft:lily_pad":13,"minecraft:big_dripleaf":1,"supplementaries:urn":7,"minecraft:spruce_stairs":1,"minecraft:red_terracotta":1,"minecraft:coal_ore":105,"minecraft:gravel":25,"minecraft:dripstone_block":2,"minecraft:cobweb":33,"minecraft:cracked_stone_bricks":3,"minecraft:polished_andesite":2,"minecraft:stone_bricks":1,"minecraft:mossy_stone_bricks":6},"minecraft:killed_by":{"monsterplus:swamp_zombie":2,"monsterplus:spectral_skeleton":1,"minecraft:blaze":1,"minecraft:zombie":3,"minecraft:vex":1,"minecraft:spider":1,"stalwart_dungeons:giddy_blaze":2,"minecraft:skeleton":7},"minecraft:killed":{"illagerinvasion:archivist":1,"alexsmobs:hummingbird":1,"minecraft:witch":37,"monsterplus:swamp_zombie":25,"minecraft:spider":36,"illagerinvasion:basher":1,"monsterplus:crystal_zombie":3,"alexsmobs:alligator_snapping_turtle":1,"minecraft:skeleton":107,"monsterplus:glow_skeleton":16,"illagerinvasion:provoker":1,"minecraft:axolotl":1,"aquaculture:perch":2,"minecraft:piglin_brute":1,"aquaculture:carp":4,"minecraft:cat":1,"minecraft:parrot":2,"minecraft:pig":4,"minecraft:zombie_villager":2,"riskofrain_mobs:lemurian_entity":8,"stalwart_dungeons:giddy_blaze":8,"alexsmobs:seal":5,"mutantmonsters:mutant_skeleton":1,"minecraft:creeper":34,"minecraft:sheep":4,"minecraft:pillager":44,"aquaculture:minnow":11,"minecraft:zombie":124,"monsterplus:opalescent_eye":1,"mutantmonsters:mutant_creeper":1,"minecraft:blaze":2,"minecraft:vex":15,"aquaculture:bluegill":2,"alexsmobs:raccoon":1,"minecraft:vindicator":5,"alexsmobs:seagull":3,"minecraft:slime":46,"minecraft:phantom":2,"alexsmobs:blue_jay":1,"stalwart_dungeons:nether_wart_cocoon":5,"aquaculture:brown_trout":2,"minecraft:drowned":10,"alexsmobs:flying_fish":1,"minecraft:husk":6,"minecraft:bat":4,"minecraft:frog":3,"minecraft:squid":3,"mutantmonsters:creeper_minion":2,"monsterplus:spectral_skeleton":3},"minecraft:crafted":{"minecraft:black_dye":2,"minecraft:oak_planks":52,"minecraft:stone":24,"minecraft:cracked_stone_bricks":4,"minecraft:bookshelf":29,"minecraft:dark_oak_door":3,"explorerscompass:explorerscompass":1,"minecraft:chest":79,"minecraft:stone_bricks":6,"create:polished_cut_asurine":1,"minecraft:crafting_table":4,"minecraft:spruce_planks":3,"minecraft:jungle_boat":1,"waystones:warp_stone":1,"doggytalents:demon_horns":1,"minecraft:diamond_pickaxe":1,"naturescompass:naturescompass":1,"sophisticatedbackpacks:diamond_backpack":2,"minecraft:stick":104,"minecraft:compass":2,"minecraft:iron_ingot":4,"minecraft:iron_pickaxe":5,"minecraft:gold_ingot":9,"minecraft:sandstone":4,"minecraft:redstone_torch":127,"sophisticatedstorage:basic_tier_upgrade":45,"comforts:sleeping_bag_white":1,"minecraft:iron_axe":1,"minecraft:spruce_slab":1,"minecraft:chiseled_sandstone":3,"minecraft:dark_oak_planks":199,"minecraft:wheat":6,"sophisticatedbackpacks:iron_backpack":2,"sophisticatedstorage:iron_to_gold_tier_upgrade":24,"sophisticatedbackpacks:gold_backpack":2,"sophisticatedstorage:basic_to_iron_tier_upgrade":40,"minecraft:mangrove_planks":8,"minecraft:stone_axe":1,"minecraft:air":1911,"minecraft:bread":18,"minecraft:oak_boat":2,"minecraft:iron_shovel":1,"mmorpg:salvaging_station":1,"minecraft:white_bed":2,"minecraft:torch":16},"minecraft:dropped":{"minecraft:grass":6,"minecraft:wooden_sword":1,"minecraft:gold_ingot":5,"minecraft:oak_planks":8,"cte_essentials:plate_0_chestplate":1,"minecraft:white_bed":1,"aquaculture:wooden_fillet_knife":1,"minecraft:arrow":65,"minecraft:oak_leaves":2,"doggytalents:demon_horns":1,"minecraft:wheat_seeds":2,"mmorpg:weapon/staff/wood":2,"minecraft:wooden_axe":1,"minecraft:lily_pad":1,"minecraft:diamond_sword":1,"minecraft:shield":1,"minecraft:bow":2},"minecraft:used":{"minecraft:moss_block":6,"minecraft:iron_shovel":165,"minecraft:poppy":9,"minecraft:chest":79,"minecraft:iron_sword":163,"minecraft:player_head":1,"minecraft:packed_mud":1,"minecraft:stone_bricks":12,"minecraft:bow":5,"minecraft:hay_block":5,"minecraft:furnace":6,"minecraft:oak_planks":6,"minecraft:jungle_boat":2,"minecraft:white_wool":9,"minecraft:blast_furnace":4,"sophisticatedstorage:basic_tier_upgrade":21,"minecraft:deepslate_tiles":219,"sophisticatedstorage:iron_to_gold_tier_upgrade":12,"minecraft:zombie_head":1,"minecraft:bread":34,"sophisticatedstorage:basic_to_iron_tier_upgrade":20,"minecraft:grindstone":2,"minecraft:smithing_table":2,"minecraft:andesite":1,"minecraft:oak_boat":5,"minecraft:experience_bottle":9,"minecraft:enchanting_table":2,"minecraft:flint_and_steel":1,"minecraft:netherrack":6,"minecraft:torch":46,"minecraft:brewing_stand":2,"create:polished_cut_asurine":200,"minecraft:granite":14,"minecraft:dark_oak_planks":10,"minecraft:bookshelf":29,"minecraft:iron_axe":201,"minecraft:cobbled_deepslate":3,"minecraft:cauldron":2,"minecraft:fletching_table":1,"minecraft:stonecutter":2,"minecraft:crafting_table":6,"minecraft:tnt":1,"minecraft:white_bed":2,"mmorpg:salvaging_station":1,"minecraft:dark_oak_door":2,"minecraft:diamond_pickaxe":321,"minecraft:iron_pickaxe":1421,"mmorpg:weapon/staff/iron":21,"minecraft:stone_axe":131,"minecraft:cobblestone":4},"minecraft:picked_up":{"minecraft:wooden_axe":8,"minecraft:wheat":12,"chococraft:loverly_gysahl_green":3,"illagerinvasion:platinum_chunk":23,"mmorpg:gems/sapphire/0":1,"doggytalents:demon_horns":1,"minecraft:smithing_table":2,"minecraft:brown_bed":2,"minecraft:potion":1,"minecraft:nether_brick":19,"minecraft:brewing_stand":2,"minecraft:golden_sword":1,"minecraft:amethyst_block":3,"minecraft:soul_soil":35,"minecraft:lapis_block":1,"mmorpg:skill_gems/aura/dex":1,"mutantmonsters:mutant_skeleton_skull":1,"minecraft:string":99,"minecraft:dark_oak_trapdoor":1,"minecraft:raw_copper":33,"create:limestone":49,"minecraft:red_nether_bricks":1,"minecraft:armor_stand":1,"minecraft:purple_banner":1,"minecraft:zombie_head":1,"minecraft:deepslate_tiles":13,"minecraft:red_sand":11,"minecraft:gold_nugget":17,"minecraft:cobbled_deepslate":305,"minecraft:bucket":1,"mmorpg:gems/tourmaline/0":2,"minecraft:spruce_planks":27,"mmorpg:runes/mos":2,"minecraft:calcite":25,"mmorpg:currency/chaos_orb":1,"mmorpg:gems/amethyst/0":2,"mmorpg:currency/socket_adder":1,"minecraft:furnace":6,"mmorpg:runes/dos":1,"minecraft:spruce_pressure_plate":6,"minecraft:stick":35,"minecraft:big_dripleaf":1,"minecraft:polished_deepslate_stairs":1,"minecraft:torch":18,"minecraft:spruce_stairs":6,"mmorpg:jewelry/necklace/iron":2,"minecraft:pointed_dripstone":4,"gateways:gate_pearl":1,"mutantmonsters:mutant_skeleton_pelvis":1,"cte_essentials:plate_0_leggings":1,"minecraft:golden_chestplate":1,"minecraft:green_terracotta":1,"minecraft:cauldron":2,"minecraft:waxed_exposed_cut_copper_slab":1,"cte_essentials:cloth_0_boots":3,"minecraft:stone_sword":2,"minecraft:rotten_flesh":182,"minecraft:polished_basalt":18,"create:asurine":427,"mmorpg:runes/ita":2,"minecraft:blaze_rod":9,"supplementaries:ash":1,"mutantmonsters:mutant_skeleton_shoulder_pad":1,"minecraft:deepslate_brick_stairs":2,"minecraft:obsidian":2,"minecraft:blaze_powder":2,"alexsmobs:flying_fish":1,"minecraft:cobblestone":192,"minecraft:enchanting_table":2,"minecraft:leather_chestplate":1,"minecraft:feather":3,"cte_essentials:leather_1_leggings":1,"minecraft:andesite":71,"cte_essentials:leather_0_helmet":1,"minecraft:potato":1,"minecraft:flint":2,"minecraft:tuff":27,"create:raw_zinc":5,"minecraft:lapis_lazuli":58,"minecraft:dirt":24,"cte_essentials:plate_1_boots":1,"minecraft:leather_boots":1,"minecraft:bone":114,"minecraft:gray_terracotta":5,"minecraft:stonecutter":2,"minecraft:bow":5,"minecraft:wheat_seeds":3,"minecraft:raw_gold":18,"mmorpg:gems/ruby/1":2,"minecraft:grindstone":2,"sophisticatedstorage:chest":2,"minecraft:mossy_stone_bricks":6,"minecraft:fletching_table":2,"minecraft:glowstone_dust":18,"minecraft:moss_block":26,"minecraft:oak_planks":11,"minecraft:mossy_stone_brick_stairs":1,"mmorpg:skill_gems/support/str":2,"cte_essentials:plate_0_chestplate":4,"mmorpg:offhand/tome/wood":4,"minecraft:black_terracotta":32,"cte_essentials:leather_0_boots":1,"minecraft:lime_terracotta":2,"minecraft:poisonous_potato":9,"minecraft:sand":1,"minecraft:jungle_planks":7,"mmorpg:rare_mats/mining/medium":2,"minecraft:red_terracotta":1,"minecraft:jungle_slab":15,"minecraft:spectral_arrow":7,"cte_essentials:stone_block_0":6,"minecraft:barrel":2,"minecraft:mossy_cobblestone":1,"mmorpg:gems/garnet/0":1,"minecraft:sugar":9,"minecraft:deepslate":2,"minecraft:diamond":17,"minecraft:mangrove_wood":8,"mmorpg:gems/ruby/0":2,"minecraft:crossbow":4,"minecraft:granite":76,"mmorpg:rare_mats/mining/lesser":8,"minecraft:grass":6,"minecraft:emerald":32,"minecraft:bread":14,"minecraft:oak_sapling":22,"minecraft:netherrack":20,"mmorpg:skill_gems/aura/int":2,"minecraft:oak_leaves":2,"minecraft:fishing_rod":1,"minecraft:mud":20,"minecraft:charcoal":2,"minecraft:crafting_table":5,"mmorpg:stone/2":2,"minecraft:nether_wart":51,"minecraft:clay_ball":148,"minecraft:leather_leggings":2,"mmorpg:skill_gems/aura/str":1,"minecraft:brown_mushroom":1,"mmorpg:jewelry/ring/iron":2,"minecraft:shield":2,"minecraft:cornflower":1,"cte_essentials:cloth_0_leggings":2,"minecraft:moss_carpet":1,"minecraft:wooden_sword":6,"minecraft:cracked_stone_bricks":3,"minecraft:oak_boat":4,"cte_essentials:cloth_0_helmet":3,"minecraft:player_head":1,"minecraft:poppy":14,"minecraft:iron_nugget":26,"mmorpg:stone/0":55,"minecraft:spruce_slab":14,"cte_essentials:plate_1_helmet":3,"minecraft:chest":17,"minecraft:birch_sapling":1,"minecraft:egg":2,"mmorpg:skill_gems/support/dex":5,"minecraft:raw_iron":40,"cte_essentials:cloth_0_chestplate":4,"minecraft:raw_gold_block":1,"cte_essentials:leather_0_leggings":1,"minecraft:spruce_fence":2,"sophisticatedbackpacks:backpack":2,"mmorpg:currency/affix_tier_up_down":3,"minecraft:trident":3,"mmorpg:skill_gems/support/int":2,"minecraft:carrot":2,"cte_essentials:leather_0_chestplate":3,"minecraft:redstone":99,"mmorpg:jewel/str":1,"mmorpg:runes/nos":1,"minecraft:dark_oak_planks":65,"create:polished_cut_asurine":5,"minecraft:arrow":116,"minecraft:jungle_stairs":1,"aquaculture:brown_trout":2,"minecraft:hay_block":11,"minecraft:stripped_dark_oak_wood":60,"minecraft:cracked_deepslate_bricks":1,"mutantmonsters:mutant_skeleton_rib":4,"aquaculture:carp":2,"minecraft:gold_ingot":1,"mmorpg:currency/level_up_orb":3,"minecraft:glistering_melon_slice":3,"minecraft:mutton":4,"minecraft:white_wool":12,"minecraft:jungle_boat":2,"minecraft:mud_bricks":12,"minecraft:air":0,"minecraft:glow_ink_sac":6,"minecraft:red_mushroom":1,"doggytalents:rice_grains":1,"minecraft:packed_mud":9,"minecraft:oak_log":34,"minecraft:lily_pad":21,"minecraft:golden_boots":2,"minecraft:cobbled_deepslate_stairs":2,"minecraft:gunpowder":56,"farmersdelight:flint_knife":5,"mutantmonsters:mutant_skeleton_limb":9,"minecraft:paper":2,"minecraft:white_banner":3,"minecraft:smooth_sandstone":2,"minecraft:red_carpet":1,"chococraft:gysahl_green":78,"minecraft:apple":2,"minecraft:gray_carpet":4,"minecraft:stone_bricks":1,"chococraft:gold_gysahl":1,"minecraft:kelp":1,"minecraft:spruce_wood":13,"minecraft:iron_ingot":14,"aquaculture:minnow":3,"minecraft:glass_bottle":5,"lightmanscurrency:coin_iron":44,"minecraft:soul_sand":50,"cte_essentials:plate_4_chestplate":1,"minecraft:dark_oak_stairs":7,"minecraft:book":97,"minecraft:quartz":6,"minecraft:dripstone_block":2,"minecraft:gravel":23,"mmorpg:stat_soul":14,"minecraft:amethyst_shard":4,"minecraft:spruce_sapling":1,"chococraft:gysahl_green_seeds":30,"minecraft:blast_furnace":4,"minecraft:white_bed":1,"mmorpg:weapon/staff/wood":6,"minecraft:crying_obsidian":3,"minecraft:spider_eye":21,"minecraft:leather_helmet":1,"lightmanscurrency:coin_copper":123,"mmorpg:offhand/dodge/wood":3,"minecraft:pumpkin_seeds":3,"minecraft:slime_ball":21,"minecraft:stone_axe":1,"minecraft:honey_block":3,"minecraft:chainmail_leggings":1,"cte_essentials:plate_1_leggings":2,"minecraft:painting":2,"mmorpg:stone/1":3,"cte_essentials:leather_1_chestplate":1,"minecraft:dark_oak_wood":112,"minecraft:coal":111}},"DataVersion":3465}