{"stats":{"minecraft:custom":{"minecraft:blood":0,"lootr:looted_stat":51,"minecraft:mob_kills":144,"minecraft:dexterity":5,"minecraft:interact_with_crafting_table":32,"minecraft:damage_dealt_resisted":0,"minecraft:leave_game":1,"minecraft:time_since_death":1878,"minecraft:climb_one_cm":2037,"minecraft:damage_resisted":0,"minecraft:mana":179,"minecraft:magic_shield":87,"minecraft:sprint_one_cm":378094,"minecraft:walk_one_cm":448879,"minecraft:drop":8,"minecraft:health":323,"minecraft:damage_dealt_absorbed":231,"minecraft:talked_to_villager":1,"minecraft:play_time":163027,"minecraft:deaths":9,"minecraft:sneak_time":242,"minecraft:walk_under_water_one_cm":5610,"minecraft:jump":2170,"minecraft:energy":150,"minecraft:interact_with_blast_furnace":2,"minecraft:walk_on_water_one_cm":44218,"minecraft:total_world_time":163027,"minecraft:intelligence":17,"minecraft:move_speed":0,"minecraft:levels_gained":11,"minecraft:time_since_rest":1955,"minecraft:waystone_activated":1,"minecraft:damage_taken":5210,"minecraft:damage_absorbed":1171,"minecraft:damage_dealt":3178,"minecraft:swim_one_cm":28853,"minecraft:fly_one_cm":358926,"minecraft:player_kills":6,"minecraft:open_chest":83,"minecraft:crouch_one_cm":26,"minecraft:strength":7,"minecraft:fall_one_cm":35376},"minecraft:broken":{"minecraft:leather_leggings":1,"minecraft:stone_axe":1,"minecraft:iron_pickaxe":2,"minecraft:golden_chestplate":1},"minecraft:mined":{"minecraft:dark_oak_planks":17,"minecraft:mossy_cobblestone":1,"minecraft:deepslate_diamond_ore":1,"minecraft:black_terracotta":21,"minecraft:granite":74,"minecraft:grass_block":6,"minecraft:mud_bricks":8,"minecraft:spawner":43,"minecraft:hay_block":11,"minecraft:furnace":3,"minecraft:packed_mud":9,"minecraft:polished_basalt":19,"minecraft:iron_ore":4,"minecraft:green_terracotta":1,"minecraft:fletching_table":1,"minecraft:stripped_dark_oak_wood":5,"minecraft:enchanting_table":2,"create:asurine":193,"minecraft:bookshelf":32,"minecraft:mossy_stone_brick_stairs":1,"chococraft:gysahl_green":30,"minecraft:water_cauldron":1,"minecraft:stone":152,"minecraft:white_wool":9,"minecraft:smithing_table":1,"minecraft:brown_mushroom":1,"minecraft:crafting_table":3,"minecraft:dark_oak_wood":61,"minecraft:blast_furnace":2,"minecraft:emerald_ore":1,"minecraft:chest":1,"minecraft:campfire":1,"minecraft:copper_ore":11,"minecraft:cobblestone":3,"minecraft:deepslate_coal_ore":1,"minecraft:grindstone":1,"minecraft:wall_torch":2,"minecraft:mud":14,"minecraft:grass":3,"minecraft:coal_ore":103,"minecraft:oak_log":31,"minecraft:dripstone_block":1,"minecraft:sand":1,"minecraft:cracked_stone_bricks":3,"minecraft:stone_bricks":1,"minecraft:stonecutter":1,"minecraft:mossy_stone_bricks":6,"minecraft:oak_leaves":5,"minecraft:deepslate":41},"minecraft:killed_by":{"minecraft:spider":1,"monsterplus:swamp_zombie":1,"minecraft:skeleton":7},"minecraft:killed":{"minecraft:witch":1,"monsterplus:swamp_zombie":2,"minecraft:spider":8,"minecraft:slime":20,"alexsmobs:alligator_snapping_turtle":1,"minecraft:skeleton":48,"illagerinvasion:provoker":1,"minecraft:drowned":5,"alexsmobs:flying_fish":1,"riskofrain_mobs:lemurian_entity":3,"minecraft:frog":3,"minecraft:creeper":20,"minecraft:sheep":3,"mutantmonsters:creeper_minion":2,"minecraft:zombie":25,"mutantmonsters:mutant_creeper":1},"minecraft:crafted":{"minecraft:oak_planks":34,"comforts:sleeping_bag_white":1,"minecraft:bookshelf":29,"minecraft:dark_oak_door":3,"minecraft:iron_axe":1,"minecraft:spruce_slab":1,"minecraft:chest":22,"minecraft:dark_oak_planks":65,"sophisticatedbackpacks:iron_backpack":1,"minecraft:wheat":6,"minecraft:crafting_table":2,"minecraft:spruce_planks":2,"sophisticatedbackpacks:gold_backpack":1,"minecraft:stone_axe":1,"minecraft:bread":18,"minecraft:air":535,"minecraft:oak_boat":1,"sophisticatedbackpacks:diamond_backpack":1,"minecraft:stick":12,"minecraft:iron_pickaxe":2,"minecraft:iron_ingot":4,"minecraft:iron_shovel":1,"minecraft:white_bed":2,"minecraft:torch":4},"minecraft:dropped":{"minecraft:lily_pad":1,"minecraft:gold_ingot":5,"cte_essentials:plate_0_chestplate":1,"minecraft:white_bed":1,"minecraft:diamond_sword":1,"aquaculture:wooden_fillet_knife":1,"minecraft:arrow":65},"minecraft:used":{"minecraft:enchanting_table":2,"minecraft:chest":23,"minecraft:iron_sword":163,"minecraft:torch":21,"minecraft:granite":14,"minecraft:dark_oak_planks":2,"minecraft:bookshelf":29,"minecraft:iron_axe":22,"minecraft:packed_mud":1,"minecraft:bow":5,"minecraft:hay_block":5,"minecraft:furnace":3,"minecraft:cobbled_deepslate":3,"minecraft:cauldron":1,"minecraft:fletching_table":1,"minecraft:stonecutter":1,"minecraft:white_wool":9,"minecraft:crafting_table":4,"minecraft:blast_furnace":2,"minecraft:white_bed":1,"minecraft:dark_oak_door":2,"minecraft:bread":12,"minecraft:iron_pickaxe":731,"mmorpg:weapon/staff/iron":11,"minecraft:stone_axe":131,"minecraft:cobblestone":4,"minecraft:grindstone":1,"minecraft:smithing_table":1,"minecraft:oak_boat":2,"minecraft:experience_bottle":9},"minecraft:picked_up":{"minecraft:wooden_axe":3,"minecraft:charcoal":2,"minecraft:fishing_rod":1,"minecraft:mud":14,"minecraft:crafting_table":4,"chococraft:loverly_gysahl_green":3,"mmorpg:gems/sapphire/0":1,"minecraft:leather_leggings":1,"minecraft:brown_mushroom":1,"minecraft:smithing_table":1,"minecraft:golden_sword":1,"cte_essentials:cloth_0_leggings":2,"minecraft:string":9,"minecraft:raw_copper":26,"minecraft:wooden_sword":4,"minecraft:cracked_stone_bricks":3,"minecraft:cobbled_deepslate":41,"mmorpg:gems/tourmaline/0":2,"minecraft:oak_boat":1,"cte_essentials:cloth_0_helmet":2,"minecraft:player_head":1,"minecraft:chest":1,"cte_essentials:plate_1_helmet":1,"mmorpg:gems/amethyst/0":2,"minecraft:egg":1,"minecraft:furnace":3,"minecraft:stick":18,"mmorpg:skill_gems/support/dex":2,"minecraft:raw_iron":4,"cte_essentials:cloth_0_chestplate":4,"minecraft:torch":5,"sophisticatedbackpacks:backpack":2,"mmorpg:jewelry/necklace/iron":2,"minecraft:trident":1,"gateways:gate_pearl":1,"mmorpg:skill_gems/support/int":2,"minecraft:carrot":1,"cte_essentials:leather_0_chestplate":1,"mmorpg:jewel/str":1,"minecraft:golden_chestplate":1,"minecraft:green_terracotta":1,"minecraft:cauldron":1,"minecraft:dark_oak_planks":17,"cte_essentials:cloth_0_boots":1,"minecraft:stone_sword":1,"minecraft:arrow":51,"minecraft:rotten_flesh":37,"minecraft:polished_basalt":18,"minecraft:hay_block":11,"create:asurine":193,"minecraft:stripped_dark_oak_wood":5,"minecraft:mutton":4,"alexsmobs:flying_fish":1,"minecraft:white_wool":12,"minecraft:cobblestone":91,"minecraft:enchanting_table":2,"minecraft:mud_bricks":12,"doggytalents:rice_grains":1,"minecraft:packed_mud":9,"minecraft:oak_log":31,"minecraft:lily_pad":12,"minecraft:golden_boots":2,"minecraft:gunpowder":19,"farmersdelight:flint_knife":5,"cte_essentials:plate_1_boots":1,"minecraft:dirt":6,"minecraft:smooth_sandstone":2,"minecraft:bone":44,"chococraft:gold_gysahl":1,"chococraft:gysahl_green":78,"minecraft:apple":2,"minecraft:stone_bricks":1,"minecraft:bow":4,"minecraft:gray_terracotta":5,"minecraft:stonecutter":1,"minecraft:wheat_seeds":1,"minecraft:spruce_wood":3,"minecraft:iron_ingot":11,"minecraft:grindstone":1,"minecraft:mossy_stone_bricks":6,"minecraft:fletching_table":1,"lightmanscurrency:coin_iron":44,"minecraft:mossy_stone_brick_stairs":1,"mmorpg:skill_gems/support/str":1,"minecraft:book":96,"cte_essentials:plate_0_chestplate":4,"mmorpg:offhand/tome/wood":2,"minecraft:black_terracotta":31,"cte_essentials:leather_0_boots":1,"minecraft:lime_terracotta":2,"minecraft:poisonous_potato":1,"minecraft:dripstone_block":1,"mmorpg:stat_soul":9,"minecraft:sand":1,"mmorpg:rare_mats/mining/medium":2,"chococraft:gysahl_green_seeds":30,"minecraft:blast_furnace":2,"mmorpg:weapon/staff/wood":3,"minecraft:mossy_cobblestone":1,"minecraft:spider_eye":4,"cte_essentials:stone_block_0":5,"lightmanscurrency:coin_copper":123,"mmorpg:offhand/dodge/wood":1,"mmorpg:gems/garnet/0":1,"minecraft:slime_ball":8,"minecraft:diamond":1,"minecraft:stone_axe":1,"mmorpg:gems/ruby/0":1,"minecraft:chainmail_leggings":1,"minecraft:granite":74,"cte_essentials:plate_1_leggings":1,"minecraft:crossbow":1,"mmorpg:rare_mats/mining/lesser":3,"minecraft:bread":12,"minecraft:oak_sapling":22,"minecraft:dark_oak_wood":60,"minecraft:coal":104}},"DataVersion":3465}