{"stats":{"minecraft:custom":{"minecraft:blood":0,"lootr:looted_stat":77,"minecraft:mob_kills":237,"minecraft:dexterity":5,"minecraft:interact_with_crafting_table":33,"minecraft:damage_dealt_resisted":0,"minecraft:leave_game":1,"minecraft:time_since_death":34662,"minecraft:climb_one_cm":13361,"minecraft:damage_resisted":0,"minecraft:mana":175,"minecraft:magic_shield":21,"minecraft:sprint_one_cm":474508,"minecraft:walk_one_cm":598157,"minecraft:drop":8,"minecraft:health":345,"minecraft:damage_dealt_absorbed":310,"minecraft:talked_to_villager":2,"minecraft:play_time":223027,"minecraft:deaths":12,"minecraft:sneak_time":251,"minecraft:walk_under_water_one_cm":7041,"minecraft:interact_with_brewingstand":1,"minecraft:jump":2662,"minecraft:energy":170,"minecraft:interact_with_blast_furnace":2,"minecraft:walk_on_water_one_cm":64718,"minecraft:total_world_time":223027,"minecraft:intelligence":18,"minecraft:move_speed":0,"minecraft:levels_gained":13,"minecraft:time_since_rest":34701,"minecraft:waystone_activated":1,"minecraft:damage_taken":6807,"minecraft:damage_absorbed":1299,"minecraft:damage_dealt":3205,"minecraft:swim_one_cm":28853,"minecraft:fly_one_cm":421517,"minecraft:player_kills":6,"minecraft:open_chest":99,"minecraft:crouch_one_cm":26,"minecraft:strength":7,"minecraft:fall_one_cm":43767},"minecraft:broken":{"cte_essentials:cloth_0_boots":1,"cte_essentials:cloth_0_leggings":1,"cte_essentials:cloth_0_helmet":1,"minecraft:leather_leggings":1,"cte_essentials:cloth_0_chestplate":1,"minecraft:stone_axe":1,"minecraft:iron_pickaxe":4,"minecraft:golden_chestplate":1},"minecraft:mined":{"minecraft:dark_oak_planks":24,"create:deepslate_zinc_ore":5,"minecraft:tuff":22,"minecraft:mossy_cobblestone":1,"minecraft:deepslate_diamond_ore":1,"minecraft:black_terracotta":22,"minecraft:brewing_stand":1,"minecraft:granite":76,"minecraft:grass_block":6,"minecraft:redstone_wire":1,"minecraft:mud_bricks":8,"minecraft:moss_block":1,"minecraft:spawner":43,"minecraft:hay_block":11,"minecraft:furnace":3,"minecraft:packed_mud":9,"minecraft:polished_basalt":19,"minecraft:iron_ore":10,"minecraft:cobbled_deepslate":1,"minecraft:andesite":70,"minecraft:green_terracotta":1,"minecraft:fletching_table":1,"minecraft:stripped_dark_oak_wood":8,"minecraft:enchanting_table":2,"minecraft:deepslate_iron_ore":22,"create:asurine":195,"minecraft:bookshelf":32,"minecraft:mossy_stone_brick_stairs":1,"chococraft:gysahl_green":30,"minecraft:water_cauldron":1,"minecraft:stone":240,"minecraft:white_wool":9,"create:limestone":49,"minecraft:smithing_table":1,"minecraft:deepslate_redstone_ore":3,"minecraft:brown_mushroom":1,"minecraft:clay":38,"minecraft:torch":1,"minecraft:crafting_table":3,"minecraft:dark_oak_wood":68,"minecraft:blast_furnace":2,"minecraft:emerald_ore":1,"minecraft:calcite":25,"minecraft:chest":1,"minecraft:campfire":1,"minecraft:big_dripleaf":1,"minecraft:copper_ore":11,"minecraft:cobblestone":4,"minecraft:deepslate_coal_ore":1,"minecraft:deepslate_gold_ore":9,"minecraft:lapis_ore":6,"minecraft:grindstone":1,"supplementaries:urn":6,"minecraft:wall_torch":2,"minecraft:mud":14,"minecraft:grass":3,"minecraft:coal_ore":105,"minecraft:oak_log":31,"minecraft:gravel":19,"minecraft:dripstone_block":2,"minecraft:sand":1,"minecraft:dirt":5,"minecraft:cobweb":1,"minecraft:cracked_stone_bricks":3,"minecraft:stone_bricks":1,"minecraft:stonecutter":1,"minecraft:mossy_stone_bricks":6,"minecraft:oak_leaves":5,"minecraft:deepslate":115},"minecraft:killed_by":{"minecraft:spider":1,"monsterplus:swamp_zombie":2,"minecraft:skeleton":7,"minecraft:zombie":2},"minecraft:killed":{"illagerinvasion:archivist":1,"minecraft:witch":4,"aquaculture:bluegill":1,"monsterplus:swamp_zombie":14,"minecraft:spider":17,"alexsmobs:seagull":3,"minecraft:slime":24,"illagerinvasion:basher":1,"alexsmobs:alligator_snapping_turtle":1,"minecraft:skeleton":62,"illagerinvasion:provoker":1,"aquaculture:perch":1,"minecraft:drowned":6,"alexsmobs:flying_fish":1,"aquaculture:carp":2,"riskofrain_mobs:lemurian_entity":5,"alexsmobs:seal":5,"minecraft:frog":3,"minecraft:creeper":22,"minecraft:sheep":3,"aquaculture:minnow":4,"mutantmonsters:creeper_minion":2,"minecraft:zombie":53,"mutantmonsters:mutant_creeper":1},"minecraft:crafted":{"minecraft:oak_planks":34,"comforts:sleeping_bag_white":1,"minecraft:bookshelf":29,"minecraft:dark_oak_door":3,"minecraft:iron_axe":1,"minecraft:spruce_slab":1,"minecraft:chest":22,"minecraft:dark_oak_planks":75,"sophisticatedbackpacks:iron_backpack":1,"minecraft:wheat":6,"minecraft:crafting_table":2,"minecraft:spruce_planks":2,"sophisticatedbackpacks:gold_backpack":1,"minecraft:stone_axe":1,"minecraft:bread":18,"minecraft:air":638,"minecraft:oak_boat":1,"sophisticatedbackpacks:diamond_backpack":1,"minecraft:stick":15,"minecraft:iron_pickaxe":5,"minecraft:iron_ingot":4,"minecraft:iron_shovel":1,"minecraft:white_bed":2,"minecraft:torch":16},"minecraft:dropped":{"minecraft:lily_pad":1,"minecraft:gold_ingot":5,"cte_essentials:plate_0_chestplate":1,"minecraft:white_bed":1,"minecraft:diamond_sword":1,"aquaculture:wooden_fillet_knife":1,"minecraft:arrow":65},"minecraft:used":{"minecraft:iron_shovel":59,"minecraft:enchanting_table":2,"minecraft:chest":23,"minecraft:iron_sword":163,"minecraft:torch":33,"minecraft:granite":14,"minecraft:dark_oak_planks":2,"minecraft:bookshelf":29,"minecraft:iron_axe":39,"minecraft:packed_mud":1,"minecraft:bow":5,"minecraft:hay_block":5,"minecraft:furnace":3,"minecraft:cobbled_deepslate":3,"minecraft:cauldron":1,"minecraft:fletching_table":1,"minecraft:stonecutter":1,"minecraft:white_wool":9,"minecraft:crafting_table":4,"minecraft:blast_furnace":2,"minecraft:white_bed":1,"minecraft:dark_oak_door":2,"minecraft:bread":14,"minecraft:iron_pickaxe":1134,"mmorpg:weapon/staff/iron":11,"minecraft:stone_axe":131,"minecraft:cobblestone":4,"minecraft:grindstone":1,"minecraft:smithing_table":1,"minecraft:andesite":1,"minecraft:oak_boat":4,"minecraft:experience_bottle":9},"minecraft:picked_up":{"minecraft:wooden_axe":3,"minecraft:charcoal":2,"minecraft:fishing_rod":1,"minecraft:mud":16,"minecraft:crafting_table":4,"chococraft:loverly_gysahl_green":3,"mmorpg:gems/sapphire/0":1,"minecraft:clay_ball":148,"minecraft:leather_leggings":1,"mmorpg:skill_gems/aura/str":1,"minecraft:brown_mushroom":1,"minecraft:smithing_table":1,"mmorpg:jewelry/ring/iron":1,"minecraft:potion":1,"minecraft:brewing_stand":1,"minecraft:golden_sword":1,"mmorpg:skill_gems/aura/dex":1,"cte_essentials:cloth_0_leggings":2,"minecraft:string":14,"minecraft:raw_copper":26,"create:limestone":49,"minecraft:wooden_sword":4,"minecraft:zombie_head":1,"minecraft:cracked_stone_bricks":3,"minecraft:gold_nugget":17,"minecraft:cobbled_deepslate":116,"mmorpg:gems/tourmaline/0":2,"minecraft:calcite":25,"minecraft:oak_boat":4,"cte_essentials:cloth_0_helmet":2,"minecraft:player_head":1,"minecraft:iron_nugget":26,"minecraft:chest":1,"cte_essentials:plate_1_helmet":2,"mmorpg:runes/dos":1,"mmorpg:gems/amethyst/0":2,"minecraft:egg":1,"minecraft:furnace":3,"minecraft:stick":18,"mmorpg:skill_gems/support/dex":4,"minecraft:raw_iron":32,"cte_essentials:cloth_0_chestplate":4,"minecraft:big_dripleaf":1,"minecraft:torch":17,"sophisticatedbackpacks:backpack":2,"mmorpg:jewelry/necklace/iron":2,"minecraft:redstone":15,"minecraft:trident":1,"gateways:gate_pearl":1,"mmorpg:skill_gems/support/int":2,"minecraft:carrot":2,"cte_essentials:plate_0_leggings":1,"cte_essentials:leather_0_chestplate":1,"mmorpg:jewel/str":1,"minecraft:golden_chestplate":1,"minecraft:green_terracotta":1,"minecraft:cauldron":1,"minecraft:dark_oak_planks":24,"cte_essentials:cloth_0_boots":1,"minecraft:stone_sword":2,"minecraft:arrow":62,"minecraft:rotten_flesh":70,"minecraft:polished_basalt":18,"minecraft:hay_block":11,"create:asurine":195,"minecraft:stripped_dark_oak_wood":8,"minecraft:glistering_melon_slice":3,"mmorpg:runes/ita":1,"minecraft:mutton":4,"alexsmobs:flying_fish":1,"minecraft:white_wool":12,"minecraft:cobblestone":180,"minecraft:enchanting_table":2,"minecraft:air":0,"minecraft:mud_bricks":12,"minecraft:feather":1,"minecraft:andesite":70,"cte_essentials:leather_0_helmet":1,"doggytalents:rice_grains":1,"minecraft:packed_mud":9,"minecraft:flint":2,"create:raw_zinc":5,"minecraft:tuff":22,"minecraft:oak_log":31,"minecraft:lily_pad":12,"minecraft:golden_boots":2,"minecraft:lapis_lazuli":42,"minecraft:gunpowder":22,"minecraft:paper":2,"mutantmonsters:mutant_skeleton_limb":1,"farmersdelight:flint_knife":5,"cte_essentials:plate_1_boots":1,"minecraft:dirt":11,"minecraft:smooth_sandstone":2,"minecraft:bone":53,"chococraft:gold_gysahl":1,"chococraft:gysahl_green":78,"minecraft:apple":2,"minecraft:stone_bricks":1,"minecraft:bow":4,"minecraft:gray_terracotta":5,"minecraft:stonecutter":1,"minecraft:wheat_seeds":1,"minecraft:raw_gold":9,"minecraft:spruce_wood":3,"minecraft:iron_ingot":11,"minecraft:grindstone":1,"aquaculture:minnow":3,"minecraft:mossy_stone_bricks":6,"minecraft:fletching_table":1,"minecraft:moss_block":1,"minecraft:glowstone_dust":1,"lightmanscurrency:coin_iron":44,"minecraft:mossy_stone_brick_stairs":1,"cte_essentials:plate_4_chestplate":1,"mmorpg:skill_gems/support/str":1,"minecraft:book":97,"cte_essentials:plate_0_chestplate":4,"mmorpg:offhand/tome/wood":2,"minecraft:black_terracotta":32,"cte_essentials:leather_0_boots":1,"minecraft:lime_terracotta":2,"minecraft:poisonous_potato":5,"minecraft:dripstone_block":2,"minecraft:gravel":17,"mmorpg:stat_soul":9,"minecraft:sand":1,"mmorpg:rare_mats/mining/medium":2,"chococraft:gysahl_green_seeds":30,"minecraft:blast_furnace":2,"mmorpg:weapon/staff/wood":4,"minecraft:mossy_cobblestone":1,"minecraft:spider_eye":9,"cte_essentials:stone_block_0":5,"lightmanscurrency:coin_copper":123,"mmorpg:offhand/dodge/wood":1,"mmorpg:gems/garnet/0":1,"minecraft:slime_ball":10,"minecraft:diamond":1,"minecraft:stone_axe":1,"mmorpg:gems/ruby/0":1,"minecraft:chainmail_leggings":1,"minecraft:granite":76,"cte_essentials:plate_1_leggings":1,"minecraft:crossbow":2,"mmorpg:rare_mats/mining/lesser":6,"minecraft:emerald":9,"minecraft:bread":12,"cte_essentials:leather_1_chestplate":1,"minecraft:oak_sapling":22,"mmorpg:skill_gems/aura/int":1,"minecraft:dark_oak_wood":67,"minecraft:coal":106}},"DataVersion":3465}