{"stats":{"minecraft:custom":{"minecraft:blood":0,"lootr:looted_stat":164,"minecraft:dexterity":5,"minecraft:interact_with_crafting_table":40,"minecraft:bell_ring":2,"minecraft:leave_game":4,"minecraft:time_since_death":135582,"minecraft:damage_resisted":0,"minecraft:sprint_one_cm":643656,"minecraft:drop":18,"minecraft:health":449,"minecraft:play_noteblock":3,"minecraft:talked_to_villager":2,"minecraft:play_time":385097,"minecraft:deaths":13,"minecraft:jump":3437,"minecraft:interact_with_brewingstand":2,"minecraft:energy":220,"minecraft:walk_on_water_one_cm":96530,"minecraft:interact_with_furnace":1,"minecraft:intelligence":19,"minecraft:levels_gained":18,"minecraft:waystone_activated":1,"minecraft:damage_dealt":3346,"minecraft:player_kills":6,"minecraft:crouch_one_cm":8779,"minecraft:mob_kills":424,"minecraft:damage_dealt_resisted":0,"minecraft:climb_one_cm":17156,"minecraft:mana":227,"minecraft:magic_shield":73,"minecraft:walk_one_cm":1012576,"minecraft:damage_dealt_absorbed":390,"minecraft:sneak_time":2771,"minecraft:walk_under_water_one_cm":26056,"minecraft:boat_one_cm":8582,"minecraft:interact_with_blast_furnace":2,"minecraft:total_world_time":385097,"minecraft:move_speed":0,"minecraft:interact_with_stonecutter":5,"minecraft:time_since_rest":135617,"minecraft:damage_taken":9326,"minecraft:damage_absorbed":3515,"minecraft:swim_one_cm":71168,"minecraft:fly_one_cm":512455,"minecraft:open_chest":370,"minecraft:strength":7,"minecraft:fall_one_cm":56294},"minecraft:broken":{"cte_essentials:cloth_0_boots":2,"cte_essentials:cloth_0_leggings":1,"minecraft:leather_leggings":1,"cte_essentials:cloth_0_chestplate":2,"minecraft:stone_axe":1,"minecraft:golden_chestplate":1,"cte_essentials:cloth_0_helmet":2,"minecraft:iron_pickaxe":5},"minecraft:mined":{"minecraft:dark_oak_planks":44,"create:deepslate_zinc_ore":5,"minecraft:cobbled_deepslate_stairs":3,"minecraft:black_terracotta":22,"minecraft:brewing_stand":1,"minecraft:granite":76,"minecraft:grass_block":8,"minecraft:mud_bricks":8,"minecraft:spawner":44,"minecraft:dark_oak_trapdoor":1,"minecraft:iron_ore":10,"minecraft:cobbled_deepslate":1,"minecraft:moss_carpet":1,"minecraft:brown_bed":2,"minecraft:fletching_table":1,"minecraft:stripped_dark_oak_wood":61,"minecraft:enchanting_table":2,"create:asurine":195,"chococraft:gysahl_green":30,"sophisticatedstorage:chest":2,"minecraft:dirt_path":1,"minecraft:water_cauldron":1,"minecraft:spruce_pressure_plate":6,"minecraft:deepslate_brick_stairs":4,"create:limestone":49,"minecraft:spruce_slab":6,"minecraft:deepslate_redstone_ore":19,"minecraft:brown_mushroom":1,"minecraft:polished_deepslate_stairs":1,"minecraft:clay":38,"minecraft:torch":2,"minecraft:dark_oak_wood":112,"minecraft:blast_furnace":2,"minecraft:calcite":25,"minecraft:chest":17,"minecraft:cobblestone":4,"minecraft:grindstone":1,"minecraft:oak_planks":6,"minecraft:wall_torch":2,"minecraft:mud":16,"minecraft:grass":3,"minecraft:oak_log":31,"minecraft:sand":1,"minecraft:dirt":5,"minecraft:stonecutter":1,"minecraft:oak_leaves":5,"minecraft:deepslate":304,"minecraft:deepslate_tiles":13,"minecraft:tuff":27,"minecraft:mossy_cobblestone":1,"minecraft:deepslate_diamond_ore":17,"minecraft:jungle_planks":1,"minecraft:redstone_wire":1,"minecraft:moss_block":1,"minecraft:hay_block":11,"minecraft:packed_mud":9,"minecraft:furnace":3,"minecraft:raw_gold_block":1,"minecraft:polished_basalt":19,"create:polished_cut_asurine":5,"minecraft:andesite":70,"minecraft:green_terracotta":1,"minecraft:mossy_stone_brick_stairs":1,"minecraft:bookshelf":32,"minecraft:deepslate_iron_ore":30,"minecraft:stone":240,"fastpaintings:painting":1,"minecraft:white_wool":9,"minecraft:smithing_table":1,"minecraft:crafting_table":3,"minecraft:mangrove_wood":8,"minecraft:honey_block":3,"minecraft:emerald_ore":1,"minecraft:campfire":1,"minecraft:copper_ore":11,"minecraft:deepslate_coal_ore":1,"minecraft:lapis_ore":6,"minecraft:deepslate_gold_ore":18,"minecraft:lily_pad":13,"minecraft:big_dripleaf":1,"supplementaries:urn":7,"minecraft:spruce_stairs":1,"minecraft:coal_ore":105,"minecraft:gravel":25,"minecraft:dripstone_block":2,"minecraft:cobweb":33,"minecraft:cracked_stone_bricks":3,"minecraft:stone_bricks":1,"minecraft:mossy_stone_bricks":6},"minecraft:killed_by":{"monsterplus:swamp_zombie":2,"monsterplus:spectral_skeleton":1,"minecraft:zombie":2,"minecraft:spider":1,"minecraft:skeleton":7},"minecraft:killed":{"illagerinvasion:archivist":1,"minecraft:witch":17,"monsterplus:swamp_zombie":22,"minecraft:spider":27,"illagerinvasion:basher":1,"monsterplus:crystal_zombie":3,"alexsmobs:alligator_snapping_turtle":1,"minecraft:skeleton":89,"monsterplus:glow_skeleton":16,"illagerinvasion:provoker":1,"aquaculture:perch":2,"aquaculture:carp":2,"minecraft:parrot":2,"minecraft:zombie_villager":2,"riskofrain_mobs:lemurian_entity":6,"alexsmobs:seal":5,"minecraft:creeper":29,"minecraft:sheep":4,"minecraft:pillager":24,"aquaculture:minnow":6,"minecraft:zombie":81,"monsterplus:opalescent_eye":1,"mutantmonsters:mutant_creeper":1,"aquaculture:bluegill":1,"minecraft:vindicator":4,"alexsmobs:seagull":3,"minecraft:slime":46,"alexsmobs:blue_jay":1,"aquaculture:brown_trout":2,"minecraft:drowned":9,"alexsmobs:flying_fish":1,"minecraft:bat":4,"minecraft:frog":3,"mutantmonsters:creeper_minion":2,"monsterplus:spectral_skeleton":3},"minecraft:crafted":{"minecraft:oak_planks":37,"minecraft:bookshelf":29,"minecraft:dark_oak_door":3,"minecraft:chest":79,"create:polished_cut_asurine":1,"minecraft:crafting_table":4,"minecraft:spruce_planks":3,"sophisticatedbackpacks:diamond_backpack":2,"minecraft:stick":23,"minecraft:iron_ingot":4,"minecraft:iron_pickaxe":5,"minecraft:redstone_torch":8,"sophisticatedstorage:basic_tier_upgrade":6,"comforts:sleeping_bag_white":1,"minecraft:iron_axe":1,"minecraft:spruce_slab":1,"minecraft:dark_oak_planks":175,"minecraft:wheat":6,"sophisticatedbackpacks:iron_backpack":2,"sophisticatedbackpacks:gold_backpack":2,"minecraft:mangrove_planks":8,"minecraft:stone_axe":1,"minecraft:air":1171,"minecraft:bread":18,"minecraft:oak_boat":2,"minecraft:iron_shovel":1,"minecraft:white_bed":2,"minecraft:torch":16},"minecraft:dropped":{"minecraft:grass":6,"minecraft:wooden_sword":1,"minecraft:gold_ingot":5,"minecraft:oak_planks":8,"cte_essentials:plate_0_chestplate":1,"minecraft:white_bed":1,"aquaculture:wooden_fillet_knife":1,"minecraft:arrow":65,"minecraft:oak_leaves":2,"minecraft:wheat_seeds":2,"mmorpg:weapon/staff/wood":2,"minecraft:wooden_axe":1,"minecraft:lily_pad":1,"minecraft:diamond_sword":1,"minecraft:bow":2},"minecraft:used":{"minecraft:iron_shovel":65,"minecraft:chest":79,"minecraft:iron_sword":163,"minecraft:player_head":1,"minecraft:packed_mud":1,"minecraft:bow":5,"minecraft:hay_block":5,"minecraft:furnace":3,"minecraft:oak_planks":6,"minecraft:white_wool":9,"minecraft:blast_furnace":2,"sophisticatedstorage:basic_tier_upgrade":1,"minecraft:deepslate_tiles":219,"minecraft:zombie_head":1,"minecraft:bread":22,"minecraft:grindstone":1,"minecraft:smithing_table":1,"minecraft:andesite":1,"minecraft:oak_boat":5,"minecraft:experience_bottle":9,"minecraft:enchanting_table":2,"minecraft:flint_and_steel":1,"minecraft:torch":46,"minecraft:brewing_stand":1,"create:polished_cut_asurine":200,"minecraft:granite":14,"minecraft:dark_oak_planks":10,"minecraft:bookshelf":29,"minecraft:iron_axe":198,"minecraft:cobbled_deepslate":3,"minecraft:cauldron":1,"minecraft:fletching_table":1,"minecraft:stonecutter":1,"minecraft:tnt":1,"minecraft:crafting_table":6,"minecraft:white_bed":1,"minecraft:dark_oak_door":2,"minecraft:iron_pickaxe":1408,"mmorpg:weapon/staff/iron":15,"minecraft:stone_axe":131,"minecraft:cobblestone":4},"minecraft:picked_up":{"minecraft:wooden_axe":6,"chococraft:loverly_gysahl_green":3,"illagerinvasion:platinum_chunk":11,"mmorpg:gems/sapphire/0":1,"minecraft:smithing_table":1,"minecraft:brown_bed":2,"minecraft:potion":1,"minecraft:brewing_stand":1,"minecraft:golden_sword":1,"mmorpg:skill_gems/aura/dex":1,"minecraft:string":49,"minecraft:dark_oak_trapdoor":1,"minecraft:raw_copper":26,"create:limestone":49,"minecraft:armor_stand":1,"minecraft:purple_banner":1,"minecraft:zombie_head":1,"minecraft:deepslate_tiles":13,"minecraft:gold_nugget":17,"minecraft:cobbled_deepslate":305,"mmorpg:gems/tourmaline/0":2,"minecraft:spruce_planks":27,"minecraft:calcite":25,"mmorpg:currency/chaos_orb":1,"mmorpg:gems/amethyst/0":2,"minecraft:furnace":3,"mmorpg:runes/dos":1,"minecraft:spruce_pressure_plate":6,"minecraft:stick":23,"minecraft:big_dripleaf":1,"minecraft:polished_deepslate_stairs":1,"minecraft:torch":18,"minecraft:spruce_stairs":6,"mmorpg:jewelry/necklace/iron":2,"gateways:gate_pearl":1,"cte_essentials:plate_0_leggings":1,"minecraft:golden_chestplate":1,"minecraft:green_terracotta":1,"minecraft:cauldron":1,"minecraft:waxed_exposed_cut_copper_slab":1,"cte_essentials:cloth_0_boots":3,"minecraft:stone_sword":2,"minecraft:rotten_flesh":113,"minecraft:polished_basalt":18,"create:asurine":197,"mmorpg:runes/ita":1,"minecraft:deepslate_brick_stairs":2,"minecraft:blaze_powder":1,"alexsmobs:flying_fish":1,"minecraft:cobblestone":180,"minecraft:enchanting_table":2,"minecraft:leather_chestplate":1,"minecraft:feather":3,"minecraft:andesite":70,"cte_essentials:leather_0_helmet":1,"minecraft:flint":2,"minecraft:tuff":27,"create:raw_zinc":5,"minecraft:lapis_lazuli":42,"minecraft:dirt":14,"cte_essentials:plate_1_boots":1,"minecraft:leather_boots":1,"minecraft:bone":89,"minecraft:stonecutter":1,"minecraft:gray_terracotta":5,"minecraft:bow":5,"minecraft:wheat_seeds":3,"minecraft:raw_gold":18,"mmorpg:gems/ruby/1":2,"minecraft:grindstone":1,"sophisticatedstorage:chest":2,"minecraft:mossy_stone_bricks":6,"minecraft:fletching_table":1,"minecraft:glowstone_dust":8,"minecraft:moss_block":1,"minecraft:oak_planks":11,"minecraft:mossy_stone_brick_stairs":1,"mmorpg:skill_gems/support/str":1,"cte_essentials:plate_0_chestplate":4,"mmorpg:offhand/tome/wood":3,"minecraft:black_terracotta":32,"cte_essentials:leather_0_boots":1,"minecraft:lime_terracotta":2,"minecraft:poisonous_potato":9,"minecraft:jungle_planks":7,"minecraft:sand":1,"mmorpg:rare_mats/mining/medium":2,"minecraft:jungle_slab":15,"minecraft:spectral_arrow":7,"minecraft:barrel":2,"cte_essentials:stone_block_0":6,"minecraft:mossy_cobblestone":1,"mmorpg:gems/garnet/0":1,"minecraft:sugar":3,"minecraft:diamond":17,"minecraft:deepslate":2,"minecraft:mangrove_wood":8,"mmorpg:gems/ruby/0":2,"minecraft:crossbow":3,"minecraft:granite":76,"mmorpg:rare_mats/mining/lesser":8,"minecraft:grass":6,"minecraft:bread":12,"minecraft:emerald":25,"minecraft:oak_sapling":22,"mmorpg:skill_gems/aura/int":2,"minecraft:oak_leaves":2,"minecraft:fishing_rod":1,"minecraft:charcoal":2,"minecraft:mud":20,"minecraft:crafting_table":4,"minecraft:clay_ball":148,"minecraft:leather_leggings":2,"mmorpg:skill_gems/aura/str":1,"minecraft:brown_mushroom":1,"mmorpg:jewelry/ring/iron":2,"cte_essentials:cloth_0_leggings":2,"minecraft:moss_carpet":1,"minecraft:wooden_sword":6,"minecraft:cracked_stone_bricks":3,"minecraft:oak_boat":4,"cte_essentials:cloth_0_helmet":2,"minecraft:player_head":1,"minecraft:iron_nugget":26,"minecraft:spruce_slab":14,"cte_essentials:plate_1_helmet":2,"minecraft:chest":17,"minecraft:egg":1,"mmorpg:skill_gems/support/dex":4,"minecraft:raw_iron":40,"cte_essentials:cloth_0_chestplate":4,"minecraft:raw_gold_block":1,"cte_essentials:leather_0_leggings":1,"minecraft:spruce_fence":2,"sophisticatedbackpacks:backpack":2,"minecraft:carrot":2,"minecraft:trident":1,"mmorpg:skill_gems/support/int":2,"cte_essentials:leather_0_chestplate":1,"minecraft:redstone":89,"mmorpg:jewel/str":1,"minecraft:dark_oak_planks":65,"create:polished_cut_asurine":5,"minecraft:arrow":104,"minecraft:jungle_stairs":1,"aquaculture:brown_trout":2,"minecraft:hay_block":11,"minecraft:cracked_deepslate_bricks":1,"minecraft:stripped_dark_oak_wood":60,"minecraft:glistering_melon_slice":3,"minecraft:mutton":4,"minecraft:white_wool":12,"minecraft:mud_bricks":12,"minecraft:air":0,"minecraft:glow_ink_sac":6,"doggytalents:rice_grains":1,"minecraft:packed_mud":9,"minecraft:oak_log":34,"minecraft:lily_pad":20,"minecraft:golden_boots":2,"minecraft:cobbled_deepslate_stairs":2,"minecraft:gunpowder":28,"farmersdelight:flint_knife":5,"mutantmonsters:mutant_skeleton_limb":1,"minecraft:paper":2,"minecraft:white_banner":1,"minecraft:smooth_sandstone":2,"minecraft:red_carpet":1,"chococraft:gysahl_green":78,"minecraft:gray_carpet":4,"minecraft:apple":2,"minecraft:stone_bricks":1,"minecraft:kelp":1,"chococraft:gold_gysahl":1,"minecraft:spruce_wood":13,"minecraft:iron_ingot":11,"aquaculture:minnow":3,"lightmanscurrency:coin_iron":44,"minecraft:dark_oak_stairs":7,"cte_essentials:plate_4_chestplate":1,"minecraft:book":97,"minecraft:dripstone_block":2,"minecraft:gravel":23,"mmorpg:stat_soul":13,"minecraft:spruce_sapling":1,"chococraft:gysahl_green_seeds":30,"minecraft:blast_furnace":2,"mmorpg:weapon/staff/wood":6,"minecraft:spider_eye":13,"minecraft:leather_helmet":1,"lightmanscurrency:coin_copper":123,"mmorpg:offhand/dodge/wood":1,"minecraft:slime_ball":21,"minecraft:stone_axe":1,"minecraft:honey_block":3,"minecraft:chainmail_leggings":1,"cte_essentials:plate_1_leggings":1,"minecraft:painting":2,"cte_essentials:leather_1_chestplate":1,"minecraft:dark_oak_wood":112,"minecraft:coal":106}},"DataVersion":3465}