{"stats":{"minecraft:custom":{"minecraft:blood":0,"lootr:looted_stat":77,"minecraft:dexterity":5,"minecraft:interact_with_crafting_table":37,"minecraft:leave_game":2,"minecraft:time_since_death":45226,"minecraft:damage_resisted":0,"minecraft:sprint_one_cm":516875,"minecraft:drop":17,"minecraft:health":381,"minecraft:talked_to_villager":2,"minecraft:play_time":294741,"minecraft:deaths":13,"minecraft:jump":3010,"minecraft:interact_with_brewingstand":1,"minecraft:energy":180,"minecraft:walk_on_water_one_cm":71131,"minecraft:interact_with_furnace":1,"minecraft:intelligence":18,"minecraft:levels_gained":14,"minecraft:waystone_activated":1,"minecraft:damage_dealt":3229,"minecraft:player_kills":6,"minecraft:crouch_one_cm":8149,"minecraft:mob_kills":297,"minecraft:damage_dealt_resisted":0,"minecraft:climb_one_cm":13361,"minecraft:mana":185,"minecraft:magic_shield":21,"minecraft:walk_one_cm":776464,"minecraft:damage_dealt_absorbed":310,"minecraft:sneak_time":2582,"minecraft:walk_under_water_one_cm":11759,"minecraft:interact_with_blast_furnace":2,"minecraft:total_world_time":294741,"minecraft:move_speed":0,"minecraft:interact_with_stonecutter":5,"minecraft:time_since_rest":45261,"minecraft:damage_taken":7822,"minecraft:damage_absorbed":1534,"minecraft:swim_one_cm":34128,"minecraft:fly_one_cm":451666,"minecraft:open_chest":138,"minecraft:strength":7,"minecraft:fall_one_cm":49002},"minecraft:broken":{"cte_essentials:cloth_0_boots":1,"cte_essentials:cloth_0_leggings":1,"minecraft:leather_leggings":1,"cte_essentials:cloth_0_chestplate":1,"minecraft:stone_axe":1,"minecraft:golden_chestplate":1,"cte_essentials:cloth_0_helmet":1,"minecraft:iron_pickaxe":5},"minecraft:mined":{"minecraft:dark_oak_planks":40,"create:deepslate_zinc_ore":5,"minecraft:black_terracotta":22,"minecraft:brewing_stand":1,"minecraft:granite":76,"minecraft:grass_block":6,"minecraft:mud_bricks":8,"minecraft:spawner":43,"minecraft:iron_ore":10,"minecraft:cobbled_deepslate":1,"minecraft:fletching_table":1,"minecraft:stripped_dark_oak_wood":61,"minecraft:enchanting_table":2,"create:asurine":195,"sophisticatedstorage:chest":2,"chococraft:gysahl_green":30,"minecraft:water_cauldron":1,"create:limestone":49,"minecraft:deepslate_redstone_ore":19,"minecraft:brown_mushroom":1,"minecraft:clay":38,"minecraft:torch":2,"minecraft:dark_oak_wood":112,"minecraft:blast_furnace":2,"minecraft:calcite":25,"minecraft:chest":5,"minecraft:cobblestone":4,"minecraft:grindstone":1,"minecraft:oak_planks":6,"minecraft:wall_torch":2,"minecraft:mud":14,"minecraft:grass":3,"minecraft:oak_log":31,"minecraft:sand":1,"minecraft:dirt":5,"minecraft:stonecutter":1,"minecraft:oak_leaves":5,"minecraft:deepslate":304,"minecraft:deepslate_tiles":10,"minecraft:tuff":27,"minecraft:mossy_cobblestone":1,"minecraft:deepslate_diamond_ore":17,"minecraft:redstone_wire":1,"minecraft:moss_block":1,"minecraft:hay_block":11,"minecraft:packed_mud":9,"minecraft:furnace":3,"minecraft:polished_basalt":19,"create:polished_cut_asurine":4,"minecraft:andesite":70,"minecraft:green_terracotta":1,"minecraft:mossy_stone_brick_stairs":1,"minecraft:bookshelf":32,"minecraft:deepslate_iron_ore":30,"minecraft:stone":240,"minecraft:white_wool":9,"minecraft:smithing_table":1,"minecraft:crafting_table":3,"minecraft:mangrove_wood":8,"minecraft:emerald_ore":1,"minecraft:campfire":1,"minecraft:copper_ore":11,"minecraft:deepslate_coal_ore":1,"minecraft:lapis_ore":6,"minecraft:deepslate_gold_ore":18,"minecraft:lily_pad":11,"minecraft:big_dripleaf":1,"supplementaries:urn":7,"minecraft:coal_ore":105,"minecraft:gravel":25,"minecraft:dripstone_block":2,"minecraft:cobweb":1,"minecraft:cracked_stone_bricks":3,"minecraft:stone_bricks":1,"minecraft:mossy_stone_bricks":6},"minecraft:killed_by":{"monsterplus:swamp_zombie":2,"monsterplus:spectral_skeleton":1,"minecraft:zombie":2,"minecraft:spider":1,"minecraft:skeleton":7},"minecraft:killed":{"illagerinvasion:archivist":1,"minecraft:witch":5,"monsterplus:swamp_zombie":15,"minecraft:spider":21,"illagerinvasion:basher":1,"monsterplus:crystal_zombie":3,"alexsmobs:alligator_snapping_turtle":1,"minecraft:skeleton":70,"monsterplus:glow_skeleton":16,"illagerinvasion:provoker":1,"aquaculture:perch":2,"aquaculture:carp":2,"riskofrain_mobs:lemurian_entity":5,"alexsmobs:seal":5,"minecraft:creeper":29,"minecraft:sheep":3,"aquaculture:minnow":6,"minecraft:zombie":60,"monsterplus:opalescent_eye":1,"mutantmonsters:mutant_creeper":1,"aquaculture:bluegill":1,"alexsmobs:seagull":3,"minecraft:slime":24,"aquaculture:brown_trout":2,"minecraft:drowned":6,"alexsmobs:flying_fish":1,"minecraft:bat":4,"minecraft:frog":3,"mutantmonsters:creeper_minion":2,"monsterplus:spectral_skeleton":3},"minecraft:crafted":{"minecraft:oak_planks":34,"minecraft:bookshelf":29,"minecraft:dark_oak_door":3,"minecraft:chest":79,"create:polished_cut_asurine":1,"minecraft:crafting_table":3,"minecraft:spruce_planks":2,"sophisticatedbackpacks:diamond_backpack":1,"minecraft:stick":23,"minecraft:iron_ingot":4,"minecraft:iron_pickaxe":5,"minecraft:redstone_torch":8,"sophisticatedstorage:basic_tier_upgrade":6,"comforts:sleeping_bag_white":1,"minecraft:iron_axe":1,"minecraft:spruce_slab":1,"minecraft:dark_oak_planks":175,"minecraft:wheat":6,"sophisticatedbackpacks:iron_backpack":1,"sophisticatedbackpacks:gold_backpack":1,"minecraft:mangrove_planks":8,"minecraft:stone_axe":1,"minecraft:air":1153,"minecraft:bread":18,"minecraft:oak_boat":1,"minecraft:iron_shovel":1,"minecraft:white_bed":2,"minecraft:torch":16},"minecraft:dropped":{"minecraft:grass":6,"minecraft:wooden_sword":1,"minecraft:gold_ingot":5,"cte_essentials:plate_0_chestplate":1,"minecraft:white_bed":1,"aquaculture:wooden_fillet_knife":1,"minecraft:arrow":65,"minecraft:oak_leaves":2,"minecraft:wheat_seeds":2,"mmorpg:weapon/staff/wood":2,"minecraft:wooden_axe":1,"minecraft:lily_pad":1,"minecraft:diamond_sword":1,"minecraft:bow":2},"minecraft:used":{"minecraft:iron_shovel":65,"minecraft:chest":79,"minecraft:iron_sword":163,"minecraft:packed_mud":1,"minecraft:bow":5,"minecraft:hay_block":5,"minecraft:furnace":3,"minecraft:oak_planks":6,"minecraft:white_wool":9,"minecraft:blast_furnace":2,"sophisticatedstorage:basic_tier_upgrade":1,"minecraft:deepslate_tiles":211,"minecraft:bread":16,"minecraft:grindstone":1,"minecraft:smithing_table":1,"minecraft:andesite":1,"minecraft:oak_boat":4,"minecraft:experience_bottle":9,"minecraft:enchanting_table":2,"minecraft:torch":45,"create:polished_cut_asurine":199,"minecraft:granite":14,"minecraft:dark_oak_planks":2,"minecraft:bookshelf":29,"minecraft:iron_axe":172,"minecraft:cobbled_deepslate":3,"minecraft:cauldron":1,"minecraft:fletching_table":1,"minecraft:stonecutter":1,"minecraft:crafting_table":5,"minecraft:white_bed":1,"minecraft:dark_oak_door":2,"minecraft:iron_pickaxe":1391,"mmorpg:weapon/staff/iron":12,"minecraft:stone_axe":131,"minecraft:cobblestone":4},"minecraft:picked_up":{"minecraft:wooden_axe":6,"chococraft:loverly_gysahl_green":3,"mmorpg:gems/sapphire/0":1,"minecraft:smithing_table":1,"minecraft:potion":1,"minecraft:brewing_stand":1,"minecraft:golden_sword":1,"mmorpg:skill_gems/aura/dex":1,"minecraft:string":15,"minecraft:raw_copper":26,"create:limestone":49,"minecraft:zombie_head":1,"minecraft:deepslate_tiles":10,"minecraft:gold_nugget":17,"minecraft:cobbled_deepslate":305,"mmorpg:gems/tourmaline/0":2,"minecraft:calcite":25,"mmorpg:currency/chaos_orb":1,"mmorpg:gems/amethyst/0":2,"minecraft:furnace":3,"mmorpg:runes/dos":1,"minecraft:stick":18,"minecraft:big_dripleaf":1,"minecraft:torch":18,"mmorpg:jewelry/necklace/iron":2,"gateways:gate_pearl":1,"cte_essentials:plate_0_leggings":1,"minecraft:golden_chestplate":1,"minecraft:green_terracotta":1,"minecraft:cauldron":1,"cte_essentials:cloth_0_boots":1,"minecraft:stone_sword":2,"minecraft:rotten_flesh":81,"minecraft:polished_basalt":18,"create:asurine":197,"mmorpg:runes/ita":1,"alexsmobs:flying_fish":1,"minecraft:cobblestone":180,"minecraft:enchanting_table":2,"minecraft:feather":1,"minecraft:andesite":70,"cte_essentials:leather_0_helmet":1,"minecraft:flint":2,"minecraft:tuff":27,"create:raw_zinc":5,"minecraft:lapis_lazuli":42,"minecraft:dirt":11,"cte_essentials:plate_1_boots":1,"minecraft:bone":77,"minecraft:stonecutter":1,"minecraft:gray_terracotta":5,"minecraft:bow":4,"minecraft:wheat_seeds":3,"minecraft:raw_gold":18,"mmorpg:gems/ruby/1":1,"sophisticatedstorage:chest":2,"minecraft:grindstone":1,"minecraft:mossy_stone_bricks":6,"minecraft:fletching_table":1,"minecraft:glowstone_dust":6,"minecraft:moss_block":1,"minecraft:oak_planks":3,"minecraft:mossy_stone_brick_stairs":1,"mmorpg:skill_gems/support/str":1,"cte_essentials:plate_0_chestplate":4,"mmorpg:offhand/tome/wood":2,"minecraft:black_terracotta":32,"cte_essentials:leather_0_boots":1,"minecraft:lime_terracotta":2,"minecraft:poisonous_potato":6,"minecraft:sand":1,"mmorpg:rare_mats/mining/medium":2,"minecraft:spectral_arrow":7,"cte_essentials:stone_block_0":6,"minecraft:mossy_cobblestone":1,"mmorpg:gems/garnet/0":1,"minecraft:mangrove_wood":8,"minecraft:diamond":17,"minecraft:deepslate":2,"mmorpg:gems/ruby/0":2,"minecraft:crossbow":2,"minecraft:granite":76,"mmorpg:rare_mats/mining/lesser":8,"minecraft:grass":6,"minecraft:bread":12,"minecraft:emerald":9,"minecraft:oak_sapling":22,"mmorpg:skill_gems/aura/int":2,"minecraft:oak_leaves":2,"minecraft:fishing_rod":1,"minecraft:charcoal":2,"minecraft:mud":16,"minecraft:crafting_table":4,"minecraft:clay_ball":148,"minecraft:leather_leggings":1,"mmorpg:skill_gems/aura/str":1,"minecraft:brown_mushroom":1,"mmorpg:jewelry/ring/iron":1,"cte_essentials:cloth_0_leggings":2,"minecraft:wooden_sword":6,"minecraft:cracked_stone_bricks":3,"minecraft:oak_boat":4,"cte_essentials:cloth_0_helmet":2,"minecraft:player_head":1,"minecraft:iron_nugget":26,"cte_essentials:plate_1_helmet":2,"minecraft:chest":5,"minecraft:egg":1,"mmorpg:skill_gems/support/dex":4,"minecraft:raw_iron":40,"cte_essentials:cloth_0_chestplate":4,"sophisticatedbackpacks:backpack":2,"minecraft:carrot":2,"minecraft:trident":1,"mmorpg:skill_gems/support/int":2,"cte_essentials:leather_0_chestplate":1,"minecraft:redstone":87,"mmorpg:jewel/str":1,"minecraft:dark_oak_planks":38,"create:polished_cut_asurine":4,"minecraft:arrow":94,"aquaculture:brown_trout":2,"minecraft:hay_block":11,"minecraft:stripped_dark_oak_wood":60,"minecraft:glistering_melon_slice":3,"minecraft:mutton":4,"minecraft:white_wool":12,"minecraft:mud_bricks":12,"minecraft:air":0,"minecraft:glow_ink_sac":6,"doggytalents:rice_grains":1,"minecraft:packed_mud":9,"minecraft:oak_log":31,"minecraft:lily_pad":19,"minecraft:golden_boots":2,"minecraft:gunpowder":27,"mutantmonsters:mutant_skeleton_limb":1,"farmersdelight:flint_knife":5,"minecraft:paper":2,"minecraft:smooth_sandstone":2,"chococraft:gysahl_green":78,"minecraft:apple":2,"minecraft:stone_bricks":1,"chococraft:gold_gysahl":1,"minecraft:spruce_wood":3,"minecraft:iron_ingot":11,"aquaculture:minnow":3,"lightmanscurrency:coin_iron":44,"cte_essentials:plate_4_chestplate":1,"minecraft:book":97,"minecraft:dripstone_block":2,"minecraft:gravel":23,"mmorpg:stat_soul":12,"chococraft:gysahl_green_seeds":30,"minecraft:blast_furnace":2,"mmorpg:weapon/staff/wood":6,"minecraft:spider_eye":10,"lightmanscurrency:coin_copper":123,"mmorpg:offhand/dodge/wood":1,"minecraft:slime_ball":10,"minecraft:stone_axe":1,"minecraft:chainmail_leggings":1,"cte_essentials:plate_1_leggings":1,"cte_essentials:leather_1_chestplate":1,"minecraft:dark_oak_wood":111,"minecraft:coal":106}},"DataVersion":3465}