{"stats":{"minecraft:custom":{"minecraft:time_since_rest":15330,"minecraft:sprint_one_cm":726,"minecraft:blood":0,"minecraft:magic_shield":0,"minecraft:crouch_one_cm":1301,"minecraft:damage_taken":240,"minecraft:play_time":16813,"minecraft:damage_absorbed":40,"minecraft:deaths":1,"minecraft:walk_one_cm":12876,"minecraft:sneak_time":448,"minecraft:dexterity":0,"minecraft:jump":40,"minecraft:intelligence":0,"minecraft:energy":120,"minecraft:walk_on_water_one_cm":715,"minecraft:leave_game":2,"minecraft:health":227,"minecraft:time_since_death":14487,"minecraft:move_speed":0,"minecraft:strength":3,"minecraft:climb_one_cm":2409,"minecraft:total_world_time":16813,"minecraft:levels_gained":8,"minecraft:fly_one_cm":1822,"minecraft:fall_one_cm":1047,"minecraft:mana":120},"minecraft:mined":{"minecraft:mud":1,"minecraft:mangrove_roots":23,"minecraft:oak_leaves":2,"minecraft:muddy_mangrove_roots":5,"minecraft:mangrove_wood":3},"minecraft:killed_by":{"minecraft:zombie":1},"minecraft:crafted":{"minecraft:mangrove_planks":4},"minecraft:picked_up":{"minecraft:mud":1,"minecraft:muddy_mangrove_roots":5,"minecraft:mangrove_wood":1,"stalwart_dungeons:iron_hammer":3,"minecraft:mangrove_roots":18}},"DataVersion":3465}