{"stats":{"minecraft:custom":{"minecraft:time_since_rest":5875,"minecraft:blood":0,"minecraft:magic_shield":0,"minecraft:damage_absorbed":40,"minecraft:play_time":7358,"minecraft:deaths":1,"minecraft:damage_taken":210,"minecraft:walk_one_cm":7948,"minecraft:dexterity":0,"minecraft:jump":17,"minecraft:intelligence":0,"minecraft:energy":50,"minecraft:leave_game":2,"minecraft:health":100,"minecraft:move_speed":0,"minecraft:time_since_death":5032,"minecraft:strength":0,"minecraft:total_world_time":7358,"minecraft:climb_one_cm":1100,"minecraft:fall_one_cm":209,"minecraft:fly_one_cm":1126,"minecraft:mana":50},"minecraft:mined":{"minecraft:mangrove_roots":2,"minecraft:oak_leaves":2,"minecraft:muddy_mangrove_roots":3,"minecraft:mangrove_wood":3},"minecraft:killed_by":{"minecraft:zombie":1},"minecraft:crafted":{"minecraft:mangrove_planks":4},"minecraft:picked_up":{"minecraft:muddy_mangrove_roots":3,"minecraft:mangrove_wood":1,"minecraft:mangrove_roots":1}},"DataVersion":3465}