{"stats":{"minecraft:custom":{"minecraft:deaths":1,"minecraft:intelligence":0,"minecraft:time_since_rest":2119,"minecraft:energy":50,"minecraft:blood":0,"minecraft:magic_shield":0,"minecraft:walk_one_cm":1948,"minecraft:damage_taken":210,"minecraft:health":100,"minecraft:play_time":3602,"minecraft:move_speed":0,"minecraft:time_since_death":1276,"minecraft:damage_absorbed":40,"minecraft:strength":0,"minecraft:total_world_time":3602,"minecraft:fly_one_cm":871,"minecraft:mana":50,"minecraft:leave_game":1,"minecraft:dexterity":0},"minecraft:mined":{"minecraft:mangrove_wood":1},"minecraft:killed_by":{"minecraft:zombie":1},"minecraft:picked_up":{"minecraft:mangrove_wood":1}},"DataVersion":3465}