{"stats":{"minecraft:custom":{"minecraft:blood":0,"minecraft:mob_kills":4,"minecraft:dexterity":8,"minecraft:intelligence":14,"minecraft:move_speed":8,"minecraft:interact_with_crafting_table":3,"minecraft:leave_game":2,"minecraft:time_since_death":50487,"minecraft:climb_one_cm":3114,"minecraft:levels_gained":10,"minecraft:mana":140,"minecraft:time_since_rest":51330,"minecraft:magic_shield":0,"minecraft:sprint_one_cm":29787,"minecraft:damage_absorbed":98,"minecraft:damage_taken":512,"minecraft:walk_one_cm":79660,"minecraft:drop":10,"minecraft:damage_dealt":847,"minecraft:health":441,"minecraft:swim_one_cm":1351,"minecraft:fly_one_cm":19768,"minecraft:open_chest":4,"minecraft:crouch_one_cm":2051,"minecraft:play_time":52813,"minecraft:deaths":1,"minecraft:sneak_time":799,"minecraft:walk_under_water_one_cm":3455,"minecraft:boat_one_cm":4557,"minecraft:jump":188,"minecraft:interact_with_brewingstand":1,"minecraft:energy":140,"minecraft:walk_on_water_one_cm":5942,"minecraft:strength":19,"minecraft:total_world_time":52813,"minecraft:fall_one_cm":4620},"minecraft:mined":{"farmersdelight:wild_carrots":3,"minecraft:mangrove_roots":23,"minecraft:mangrove_wood":3,"minecraft:allium":1,"minecraft:copper_ore":1,"minecraft:moss_block":1,"minecraft:sugar_cane":5,"farmersdelight:wild_onions":18,"minecraft:mud":1,"create:polished_cut_asurine":1,"minecraft:muddy_mangrove_roots":5,"minecraft:grass":4,"minecraft:coal_ore":18,"minecraft:oak_log":6,"minecraft:vine":2,"minecraft:blue_orchid":1,"minecraft:stone":10,"minecraft:oak_leaves":2},"minecraft:killed_by":{"minecraft:zombie":1},"minecraft:killed":{"minecraft:pig":2,"minecraft:skeleton":1,"minecraft:trader_llama":1},"minecraft:crafted":{"minecraft:oak_planks":6,"minecraft:crafting_table":1,"minecraft:mangrove_planks":4,"minecraft:air":39,"minecraft:oak_boat":1,"minecraft:iron_axe":1,"minecraft:stick":3,"minecraft:iron_pickaxe":1},"minecraft:dropped":{"minecraft:wheat_seeds":1,"minecraft:mangrove_roots":18,"mmorpg:skill_gems/support/dex":1,"mmorpg:skill_gems/aura/dex":1,"minecraft:muddy_mangrove_roots":5,"aquaculture:wooden_fillet_knife":1,"minecraft:allium":33,"minecraft:oak_sapling":1,"minecraft:mud":1},"minecraft:used":{"stalwart_dungeons:iron_hammer":45,"stalwart_dungeons:wooden_hammer":7,"minecraft:zombie_spawn_egg":1,"gateways:gate_pearl":1,"minecraft:skeleton_spawn_egg":1,"minecraft:crafting_table":1,"minecraft:apple":1,"minecraft:iron_axe":8,"cte_essentials:plate_0_chestplate":1,"minecraft:oak_sapling":1,"minecraft:oak_boat":1},"minecraft:picked_up":{"minecraft:mud":1,"minecraft:allium":33,"minecraft:muddy_mangrove_roots":5,"stalwart_dungeons:wooden_hammer":2,"doggytalents:rice_grains":1,"minecraft:lily_pad":9,"minecraft:oak_log":6,"farmersdelight:flint_knife":1,"minecraft:raw_copper":2,"minecraft:apple":1,"minecraft:wheat_seeds":1,"stalwart_dungeons:iron_hammer":3,"minecraft:oak_boat":1,"minecraft:moss_block":32,"minecraft:sugar_cane":12,"cte_essentials:plate_0_chestplate":3,"minecraft:stick":2,"cte_essentials:plate_0_boots":1,"minecraft:porkchop":3,"mmorpg:jewelry/necklace/iron":1,"minecraft:carrot":3,"cte_essentials:plate_0_leggings":1,"minecraft:stone_sword":4,"minecraft:rotten_flesh":2,"minecraft:mangrove_wood":1,"farmersdelight:onion":18,"minecraft:mangrove_roots":18,"supplementaries:ash":2,"minecraft:oak_sapling":2,"minecraft:coal":18,"minecraft:cobblestone":10}},"DataVersion":3465}