{"stats":{"minecraft:custom":{"minecraft:blood":0,"lootr:looted_stat":6,"minecraft:interact_with_furnace":3,"minecraft:mob_kills":6,"minecraft:dexterity":10,"minecraft:intelligence":14,"minecraft:move_speed":15,"minecraft:interact_with_crafting_table":4,"minecraft:leave_game":5,"minecraft:time_since_death":82097,"minecraft:climb_one_cm":3724,"minecraft:levels_gained":14,"minecraft:mana":180,"minecraft:time_since_rest":82940,"minecraft:magic_shield":0,"minecraft:sprint_one_cm":38003,"minecraft:damage_absorbed":177,"minecraft:damage_taken":770,"minecraft:walk_one_cm":118092,"minecraft:drop":12,"minecraft:damage_dealt":1291,"minecraft:health":515,"minecraft:play_noteblock":5,"minecraft:swim_one_cm":2712,"minecraft:fly_one_cm":23192,"minecraft:open_chest":17,"minecraft:crouch_one_cm":2304,"minecraft:play_time":84423,"minecraft:deaths":1,"minecraft:sneak_time":943,"minecraft:walk_under_water_one_cm":3642,"minecraft:boat_one_cm":4557,"minecraft:jump":222,"minecraft:interact_with_brewingstand":1,"minecraft:energy":180,"minecraft:walk_on_water_one_cm":7568,"minecraft:strength":19,"minecraft:total_world_time":84423,"minecraft:fall_one_cm":4620},"minecraft:mined":{"minecraft:spruce_planks":10,"farmersdelight:wild_carrots":3,"minecraft:mangrove_roots":23,"minecraft:note_block":4,"minecraft:mangrove_wood":3,"minecraft:allium":1,"minecraft:copper_ore":1,"minecraft:sugar_cane":5,"minecraft:moss_block":1,"farmersdelight:wild_onions":18,"minecraft:mud":1,"create:polished_cut_asurine":1,"minecraft:muddy_mangrove_roots":5,"minecraft:grass":4,"minecraft:oak_log":6,"minecraft:coal_ore":18,"minecraft:vine":2,"minecraft:blue_orchid":1,"minecraft:stone":10,"minecraft:oak_leaves":2},"minecraft:killed_by":{"minecraft:zombie":1},"minecraft:killed":{"minecraft:parrot":1,"minecraft:pig":2,"minecraft:skeleton":1,"minecraft:trader_llama":1,"minecraft:drowned":1},"minecraft:crafted":{"minecraft:smooth_stone":3,"minecraft:oak_planks":6,"minecraft:crafting_table":1,"minecraft:furnace":1,"minecraft:stone":3,"minecraft:mangrove_planks":4,"minecraft:air":40,"minecraft:oak_boat":1,"minecraft:iron_axe":1,"minecraft:stick":3,"minecraft:iron_pickaxe":1},"minecraft:dropped":{"minecraft:wheat_seeds":1,"minecraft:mangrove_roots":18,"mmorpg:skill_gems/support/dex":1,"mmorpg:skill_gems/aura/dex":1,"minecraft:muddy_mangrove_roots":5,"aquaculture:wooden_fillet_knife":1,"farmersdelight:flint_knife":1,"minecraft:allium":33,"aquaculture:bayad":1,"minecraft:oak_sapling":1,"minecraft:mud":1},"minecraft:used":{"stalwart_dungeons:iron_hammer":46,"stalwart_dungeons:wooden_hammer":16,"minecraft:zombie_spawn_egg":1,"gateways:gate_pearl":1,"minecraft:skeleton_spawn_egg":1,"minecraft:crafting_table":1,"minecraft:apple":1,"minecraft:iron_axe":24,"minecraft:bread":2,"cte_essentials:plate_0_chestplate":1,"minecraft:furnace":1,"minecraft:oak_sapling":1,"minecraft:oak_boat":1},"minecraft:picked_up":{"minecraft:mud":1,"minecraft:muddy_mangrove_roots":5,"minecraft:allium":33,"minecraft:feather":2,"stalwart_dungeons:wooden_hammer":2,"doggytalents:rice_grains":1,"minecraft:oak_log":6,"minecraft:lily_pad":9,"farmersdelight:flint_knife":1,"minecraft:raw_copper":2,"minecraft:apple":1,"minecraft:wheat_seeds":1,"stalwart_dungeons:iron_hammer":3,"minecraft:spruce_planks":10,"minecraft:oak_boat":1,"minecraft:moss_block":32,"minecraft:sugar_cane":12,"cte_essentials:plate_0_chestplate":3,"minecraft:stick":2,"cte_essentials:plate_0_boots":1,"minecraft:note_block":4,"minecraft:porkchop":3,"mmorpg:jewelry/necklace/iron":1,"minecraft:carrot":3,"cte_essentials:plate_0_leggings":1,"minecraft:stone_sword":4,"minecraft:rotten_flesh":2,"minecraft:mangrove_wood":1,"farmersdelight:onion":18,"aquaculture:bayad":1,"minecraft:mangrove_roots":18,"supplementaries:ash":2,"minecraft:oak_sapling":2,"minecraft:coal":18,"minecraft:cobblestone":10}},"DataVersion":3465}