{"stats":{"minecraft:custom":{"minecraft:time_since_rest":27330,"minecraft:blood":0,"minecraft:magic_shield":0,"minecraft:sprint_one_cm":3347,"minecraft:walk_one_cm":31661,"minecraft:damage_taken":286,"minecraft:damage_absorbed":61,"minecraft:mob_kills":1,"minecraft:drop":7,"minecraft:dexterity":8,"minecraft:intelligence":14,"minecraft:damage_dealt":161,"minecraft:health":339,"minecraft:move_speed":0,"minecraft:fly_one_cm":6613,"minecraft:open_chest":4,"minecraft:crouch_one_cm":1301,"minecraft:play_time":28813,"minecraft:deaths":1,"minecraft:sneak_time":456,"minecraft:boat_one_cm":4557,"minecraft:jump":83,"minecraft:interact_with_brewingstand":1,"minecraft:energy":130,"minecraft:leave_game":2,"minecraft:time_since_death":26487,"minecraft:walk_on_water_one_cm":2931,"minecraft:strength":15,"minecraft:total_world_time":28813,"minecraft:climb_one_cm":2911,"minecraft:levels_gained":9,"minecraft:fall_one_cm":1523,"minecraft:mana":136},"minecraft:mined":{"minecraft:mud":1,"minecraft:mangrove_roots":23,"minecraft:muddy_mangrove_roots":5,"minecraft:mangrove_wood":3,"minecraft:oak_leaves":2},"minecraft:killed_by":{"minecraft:zombie":1},"minecraft:killed":{"minecraft:skeleton":1},"minecraft:crafted":{"minecraft:stick":3,"minecraft:mangrove_planks":4,"minecraft:air":12},"minecraft:dropped":{"minecraft:muddy_mangrove_roots":5,"aquaculture:wooden_fillet_knife":1,"minecraft:mangrove_roots":18,"mmorpg:skill_gems/support/dex":1,"minecraft:mud":1,"mmorpg:skill_gems/aura/dex":1},"minecraft:used":{"stalwart_dungeons:iron_hammer":5,"minecraft:zombie_spawn_egg":1,"minecraft:skeleton_spawn_egg":1},"minecraft:picked_up":{"minecraft:mud":1,"minecraft:muddy_mangrove_roots":5,"stalwart_dungeons:wooden_hammer":1,"minecraft:lily_pad":1,"farmersdelight:flint_knife":1,"minecraft:mangrove_wood":1,"stalwart_dungeons:iron_hammer":3,"minecraft:mangrove_roots":18}},"DataVersion":3465}