{"stats":{"minecraft:custom":{"minecraft:time_since_rest":39330,"minecraft:blood":0,"minecraft:magic_shield":0,"minecraft:sprint_one_cm":7010,"minecraft:walk_one_cm":43941,"minecraft:damage_taken":422,"minecraft:damage_absorbed":61,"minecraft:mob_kills":1,"minecraft:drop":7,"minecraft:dexterity":8,"minecraft:intelligence":14,"minecraft:damage_dealt":333,"minecraft:health":422,"minecraft:move_speed":8,"minecraft:swim_one_cm":1351,"minecraft:interact_with_crafting_table":1,"minecraft:fly_one_cm":11351,"minecraft:open_chest":4,"minecraft:crouch_one_cm":1431,"minecraft:play_time":40813,"minecraft:deaths":1,"minecraft:sneak_time":556,"minecraft:walk_under_water_one_cm":3455,"minecraft:boat_one_cm":4557,"minecraft:jump":117,"minecraft:interact_with_brewingstand":1,"minecraft:energy":130,"minecraft:leave_game":2,"minecraft:time_since_death":38487,"minecraft:walk_on_water_one_cm":4269,"minecraft:strength":19,"minecraft:total_world_time":40813,"minecraft:climb_one_cm":2911,"minecraft:levels_gained":9,"minecraft:fall_one_cm":2302,"minecraft:mana":130},"minecraft:mined":{"minecraft:mud":1,"minecraft:mangrove_roots":23,"create:polished_cut_asurine":1,"minecraft:muddy_mangrove_roots":5,"minecraft:mangrove_wood":3,"minecraft:stone":8,"minecraft:moss_block":1,"minecraft:oak_leaves":2},"minecraft:killed_by":{"minecraft:zombie":1},"minecraft:killed":{"minecraft:skeleton":1},"minecraft:crafted":{"minecraft:iron_axe":1,"minecraft:stick":3,"minecraft:iron_pickaxe":1,"minecraft:mangrove_planks":4,"minecraft:air":14},"minecraft:dropped":{"minecraft:muddy_mangrove_roots":5,"aquaculture:wooden_fillet_knife":1,"minecraft:mangrove_roots":18,"mmorpg:skill_gems/support/dex":1,"minecraft:mud":1,"mmorpg:skill_gems/aura/dex":1},"minecraft:used":{"stalwart_dungeons:iron_hammer":17,"stalwart_dungeons:wooden_hammer":5,"cte_essentials:plate_0_chestplate":1,"minecraft:zombie_spawn_egg":1,"minecraft:skeleton_spawn_egg":1},"minecraft:picked_up":{"cte_essentials:plate_0_chestplate":3,"minecraft:mud":1,"minecraft:muddy_mangrove_roots":5,"stalwart_dungeons:wooden_hammer":2,"cte_essentials:plate_0_boots":1,"mmorpg:jewelry/necklace/iron":1,"minecraft:lily_pad":1,"cte_essentials:plate_0_leggings":1,"farmersdelight:flint_knife":1,"minecraft:stone_sword":4,"minecraft:mangrove_wood":1,"stalwart_dungeons:iron_hammer":3,"minecraft:mangrove_roots":18,"minecraft:moss_block":32,"minecraft:cobblestone":8}},"DataVersion":3465}