{
  "undergarden:undergarden/root": {
    "criteria": {
      "tick": "2024-08-22 18:37:51 +0000"
    },
    "done": true
  },
  "stellarity:cursed_tome/root": {
    "criteria": {
      "requirement": "2024-08-22 18:37:51 +0000"
    },
    "done": true
  },
  "minecraft:recipes/decorations/crafting_table": {
    "criteria": {
      "unlock_right_away": "2024-08-22 18:37:51 +0000"
    },
    "done": true
  },
  "betterdungeons:root": {
    "criteria": {
      "always": "2024-08-22 18:37:51 +0000"
    },
    "done": true
  },
  "betterdeserttemples:root": {
    "criteria": {
      "always": "2024-08-22 18:37:51 +0000"
    },
    "done": true
  },
  "repurposed_structures:root": {
    "criteria": {
      "always": "2024-08-22 18:37:51 +0000"
    },
    "done": true
  },
  "incendium:technical/new_player": {
    "criteria": {
      "requirement": "2024-08-22 18:37:51 +0000"
    },
    "done": true
  },
  "stellarity:dragons_den/cursed_tome/root": {
    "criteria": {
      "requirement": "2024-08-22 18:37:51 +0000"
    },
    "done": true
  },
  "dungeons_arise:wda_root": {
    "criteria": {
      "WDA": "2024-08-22 18:37:51 +0000"
    },
    "done": true
  },
  "lootr:root": {
    "criteria": {
      "always_true": "2024-08-22 18:37:51 +0000"
    },
    "done": true
  },
  "incendium:technical/using/ragnarok": {
    "criteria": {
      "log_spam_fixer": "2024-08-22 18:37:52 +0000"
    },
    "done": false
  },
  "incendium:technical/using/shield": {
    "criteria": {
      "log_spam_fixer": "2024-08-22 18:37:52 +0000"
    },
    "done": false
  },
  "incendium:technical/scroll_of_returning": {
    "criteria": {
      "log_spam_fixer": "2024-08-22 18:37:52 +0000"
    },
    "done": false
  },
  "incendium:technical/using/trailblazer": {
    "criteria": {
      "log_spam_fixer": "2024-08-22 18:37:52 +0000"
    },
    "done": false
  },
  "minecraft:adventure/adventuring_time": {
    "criteria": {
      "minecraft:taiga": "2024-08-22 20:12:34 +0000",
      "minecraft:deep_ocean": "2024-08-22 19:25:20 +0000",
      "minecraft:beach": "2024-08-22 19:24:52 +0000",
      "minecraft:river": "2024-08-22 19:24:51 +0000",
      "minecraft:swamp": "2024-08-22 18:37:52 +0000",
      "minecraft:cold_ocean": "2024-08-22 20:12:24 +0000",
      "minecraft:deep_cold_ocean": "2024-08-22 19:51:57 +0000",
      "minecraft:ocean": "2024-08-22 19:24:58 +0000"
    },
    "done": false
  },
  "mutantmonsters:root": {
    "criteria": {
      "killed_by_something": "2024-08-22 18:39:05 +0000"
    },
    "done": true
  },
  "stellarity:events/on_death": {
    "criteria": {
      "requirement": "2024-08-22 18:39:05 +0000"
    },
    "done": true
  },
  "minecraft:adventure/root": {
    "criteria": {
      "killed_by_something": "2024-08-22 18:39:05 +0000"
    },
    "done": true
  },
  "repurposed_structures:villages": {
    "criteria": {
      "in_village_swamp": "2024-08-22 18:39:49 +0000"
    },
    "done": false
  },
  "minecraft:recipes/building_blocks/mangrove_planks": {
    "criteria": {
      "has_the_recipe": "2024-08-22 18:44:11 +0000"
    },
    "done": true
  },
  "mimi:recipes/receiver": {
    "criteria": {
      "has_note": "2024-08-22 18:53:46 +0000"
    },
    "done": true
  },
  "mimi:recipes/bottle": {
    "criteria": {
      "has_note": "2024-08-22 18:53:46 +0000"
    },
    "done": true
  },
  "mimi:recipes/xylophone": {
    "criteria": {
      "has_note": "2024-08-22 18:53:46 +0000"
    },
    "done": true
  },
  "mimi:recipes/marimba": {
    "criteria": {
      "has_note": "2024-08-22 18:53:46 +0000"
    },
    "done": true
  },
  "aquaculture:recipes/aquaculture/heavy_hook": {
    "criteria": {
      "has_items": "2024-08-22 18:53:46 +0000"
    },
    "done": true
  },
  "aquaculture:recipes/misc/neptunium_ingot_from_neptunium_block": {
    "criteria": {
      "has_items": "2024-08-22 18:53:46 +0000"
    },
    "done": true
  },
  "mimi:recipes/recorder": {
    "criteria": {
      "has_note": "2024-08-22 18:53:46 +0000"
    },
    "done": true
  },
  "create:root": {
    "criteria": {
      "0": "2024-08-22 18:53:46 +0000"
    },
    "done": true
  },
  "mimi:recipes/drums": {
    "criteria": {
      "has_note": "2024-08-22 18:53:46 +0000"
    },
    "done": true
  },
  "mimi:recipes/harpsichord": {
    "criteria": {
      "has_note": "2024-08-22 18:53:46 +0000"
    },
    "done": true
  },
  "mimi:recipes/contrabass": {
    "criteria": {
      "has_note": "2024-08-22 18:53:46 +0000"
    },
    "done": true
  },
  "mimi:recipes/deviceconfig": {
    "criteria": {
      "has_note": "2024-08-22 18:53:46 +0000"
    },
    "done": true
  },
  "mimi:recipes/piccolo": {
    "criteria": {
      "has_note": "2024-08-22 18:53:46 +0000"
    },
    "done": true
  },
  "mimi:recipes/tuningtable": {
    "criteria": {
      "has_note": "2024-08-22 18:53:46 +0000"
    },
    "done": true
  },
  "mimi:recipes/clarinet": {
    "criteria": {
      "has_note": "2024-08-22 18:53:46 +0000"
    },
    "done": true
  },
  "mimi:recipes/banjo": {
    "criteria": {
      "has_note": "2024-08-22 18:53:46 +0000"
    },
    "done": true
  },
  "crabbersdelight:main/root": {
    "criteria": {
      "seeds": "2024-08-22 18:53:46 +0000"
    },
    "done": true
  },
  "mimi:recipes/ocarina": {
    "criteria": {
      "has_note": "2024-08-22 18:53:46 +0000"
    },
    "done": true
  },
  "mimi:recipes/keyboard": {
    "criteria": {
      "has_note": "2024-08-22 18:53:46 +0000"
    },
    "done": true
  },
  "aquaculture:recipes/decorations/acacia_fish_mount": {
    "criteria": {
      "has_items": "2024-08-22 18:53:46 +0000"
    },
    "done": true
  },
  "mimi:recipes/piano": {
    "criteria": {
      "has_note": "2024-08-22 18:53:46 +0000"
    },
    "done": true
  },
  "aquaculture:recipes/aquaculture/light_hook": {
    "criteria": {
      "has_items": "2024-08-22 18:53:46 +0000"
    },
    "done": true
  },
  "mimi:recipes/frenchhorn": {
    "criteria": {
      "has_note": "2024-08-22 18:53:46 +0000"
    },
    "done": true
  },
  "mimi:recipes/flute": {
    "criteria": {
      "has_note": "2024-08-22 18:53:46 +0000"
    },
    "done": true
  },
  "mimi:recipes/guide": {
    "criteria": {
      "has_note": "2024-08-22 18:53:46 +0000"
    },
    "done": true
  },
  "aquaculture:recipes/tools/iron_fishing_rod": {
    "criteria": {
      "has_vanilla_rod": "2024-08-22 18:53:46 +0000"
    },
    "done": true
  },
  "mimi:recipes/woodblock": {
    "criteria": {
      "has_note": "2024-08-22 18:53:46 +0000"
    },
    "done": true
  },
  "mimi:recipes/mechanicalmaestro": {
    "criteria": {
      "has_note": "2024-08-22 18:53:46 +0000"
    },
    "done": true
  },
  "solapplepie:recipes/food_book": {
    "criteria": {
      "has_potato": "2024-08-22 18:53:46 +0000",
      "has_book": "2024-08-22 18:53:46 +0000"
    },
    "done": true
  },
  "aquaculture:recipes/decorations/oak_fish_mount": {
    "criteria": {
      "has_items": "2024-08-22 18:53:46 +0000"
    },
    "done": true
  },
  "mimi:recipes/transmitter": {
    "criteria": {
      "has_note": "2024-08-22 18:53:46 +0000"
    },
    "done": true
  },
  "mimi:recipes/synlead": {
    "criteria": {
      "has_note": "2024-08-22 18:53:46 +0000"
    },
    "done": true
  },
  "aquaculture:recipes/aquaculture/double_hook": {
    "criteria": {
      "has_items": "2024-08-22 18:53:46 +0000"
    },
    "done": true
  },
  "mimi:recipes/transmitterblock": {
    "criteria": {
      "has_note": "2024-08-22 18:53:46 +0000"
    },
    "done": true
  },
  "aquaculture:recipes/aquaculture/fishing_line": {
    "criteria": {
      "has_items": "2024-08-22 18:53:46 +0000"
    },
    "done": true
  },
  "aquaculture:recipes/aquaculture/iron_hook": {
    "criteria": {
      "has_items": "2024-08-22 18:53:46 +0000"
    },
    "done": true
  },
  "aquaculture:recipes/misc/jellyfish_to_slimeball": {
    "criteria": {
      "has_items": "2024-08-22 18:53:46 +0000"
    },
    "done": true
  },
  "aquaculture:recipes/tools/diamond_fishing_rod": {
    "criteria": {
      "has_vanilla_rod": "2024-08-22 18:53:46 +0000"
    },
    "done": true
  },
  "mimi:recipes/glockenspiel": {
    "criteria": {
      "has_note": "2024-08-22 18:53:46 +0000"
    },
    "done": true
  },
  "mimi:recipes/celesta": {
    "criteria": {
      "has_note": "2024-08-22 18:53:46 +0000"
    },
    "done": true
  },
  "aquaculture:recipes/misc/tin_can_to_iron_nugget": {
    "criteria": {
      "has_items": "2024-08-22 18:53:46 +0000"
    },
    "done": true
  },
  "mimi:recipes/panflute": {
    "criteria": {
      "has_note": "2024-08-22 18:53:46 +0000"
    },
    "done": true
  },
  "mimi:recipes/harmonica": {
    "criteria": {
      "has_note": "2024-08-22 18:53:46 +0000"
    },
    "done": true
  },
  "aquaculture:recipes/decorations/birch_fish_mount": {
    "criteria": {
      "has_items": "2024-08-22 18:53:46 +0000"
    },
    "done": true
  },
  "mimi:recipes/elecguitar": {
    "criteria": {
      "has_note": "2024-08-22 18:53:46 +0000"
    },
    "done": true
  },
  "aquaculture:recipes/misc/iron_nugget_from_smelting": {
    "criteria": {
      "has_fishing_rod": "2024-08-22 18:53:46 +0000",
      "has_fillet_knife": "2024-08-22 18:53:46 +0000"
    },
    "done": true
  },
  "aquaculture:recipes/tools/golden_fishing_rod": {
    "criteria": {
      "has_vanilla_rod": "2024-08-22 18:53:46 +0000"
    },
    "done": true
  },
  "aquaculture:recipes/misc/gold_nugget_from_smelting": {
    "criteria": {
      "has_fishing_rod": "2024-08-22 18:53:46 +0000",
      "has_fillet_knife": "2024-08-22 18:53:46 +0000"
    },
    "done": true
  },
  "mimi:recipes/harp": {
    "criteria": {
      "has_note": "2024-08-22 18:53:46 +0000"
    },
    "done": true
  },
  "aquaculture:recipes/misc/bonemeal_from_fish_bones": {
    "criteria": {
      "has_items": "2024-08-22 18:53:46 +0000"
    },
    "done": true
  },
  "mimi:recipes/tuba": {
    "criteria": {
      "has_note": "2024-08-22 18:53:46 +0000"
    },
    "done": true
  },
  "mimi:recipes/cello": {
    "criteria": {
      "has_note": "2024-08-22 18:53:46 +0000"
    },
    "done": true
  },
  "mimi:recipes/violin": {
    "criteria": {
      "has_note": "2024-08-22 18:53:46 +0000"
    },
    "done": true
  },
  "mimi:recipes/bassoon": {
    "criteria": {
      "has_note": "2024-08-22 18:53:46 +0000"
    },
    "done": true
  },
  "aquaculture:recipes/misc/brown_mushroom_from_fish": {
    "criteria": {
      "has_items": "2024-08-22 18:53:46 +0000"
    },
    "done": true
  },
  "mimi:recipes/bagpipe": {
    "criteria": {
      "has_note": "2024-08-22 18:53:46 +0000"
    },
    "done": true
  },
  "mimi:recipes/vibraphone": {
    "criteria": {
      "has_note": "2024-08-22 18:53:46 +0000"
    },
    "done": true
  },
  "aquaculture:recipes/misc/neptinium_ingot_from_blasting": {
    "criteria": {
      "has_leggings": "2024-08-22 18:53:46 +0000",
      "has_axe": "2024-08-22 18:53:46 +0000",
      "has_helmet": "2024-08-22 18:53:46 +0000",
      "has_fishing_rod": "2024-08-22 18:53:46 +0000",
      "has_bow": "2024-08-22 18:53:46 +0000",
      "has_chestplate": "2024-08-22 18:53:46 +0000",
      "has_sword": "2024-08-22 18:53:46 +0000",
      "has_fillet_knife": "2024-08-22 18:53:46 +0000",
      "has_shovel": "2024-08-22 18:53:46 +0000",
      "has_hoe": "2024-08-22 18:53:46 +0000",
      "has_boots": "2024-08-22 18:53:46 +0000",
      "has_pickaxe": "2024-08-22 18:53:46 +0000"
    },
    "done": true
  },
  "mimi:recipes/ledcube_a": {
    "criteria": {
      "has_note": "2024-08-22 18:53:46 +0000"
    },
    "done": true
  },
  "mimi:recipes/ledcube_b": {
    "criteria": {
      "has_note": "2024-08-22 18:53:46 +0000"
    },
    "done": true
  },
  "mimi:recipes/ledcube_c": {
    "criteria": {
      "has_note": "2024-08-22 18:53:46 +0000"
    },
    "done": true
  },
  "mimi:recipes/ledcube_d": {
    "criteria": {
      "has_note": "2024-08-22 18:53:46 +0000"
    },
    "done": true
  },
  "mimi:recipes/ledcube_e": {
    "criteria": {
      "has_note": "2024-08-22 18:53:46 +0000"
    },
    "done": true
  },
  "mimi:recipes/ledcube_f": {
    "criteria": {
      "has_note": "2024-08-22 18:53:46 +0000"
    },
    "done": true
  },
  "mimi:recipes/ledcube_g": {
    "criteria": {
      "has_note": "2024-08-22 18:53:46 +0000"
    },
    "done": true
  },
  "mimi:recipes/ledcube_h": {
    "criteria": {
      "has_note": "2024-08-22 18:53:46 +0000"
    },
    "done": true
  },
  "aquaculture:recipes/decorations/dark_oak_fish_mount": {
    "criteria": {
      "has_items": "2024-08-22 18:53:46 +0000"
    },
    "done": true
  },
  "mimi:recipes/steeldrum": {
    "criteria": {
      "has_note": "2024-08-22 18:53:46 +0000"
    },
    "done": true
  },
  "aquaculture:recipes/aquaculture/diamond_hook": {
    "criteria": {
      "has_items": "2024-08-22 18:53:46 +0000"
    },
    "done": true
  },
  "aquaculture:recipes/food/sushi": {
    "criteria": {
      "has_alt_items": "2024-08-22 18:53:46 +0000",
      "has_items": "2024-08-22 18:53:46 +0000"
    },
    "done": true
  },
  "mimi:recipes/trumpet": {
    "criteria": {
      "has_note": "2024-08-22 18:53:46 +0000"
    },
    "done": true
  },
  "mimi:recipes/acguitar": {
    "criteria": {
      "has_note": "2024-08-22 18:53:46 +0000"
    },
    "done": true
  },
  "mimi:recipes/kalimba": {
    "criteria": {
      "has_note": "2024-08-22 18:53:46 +0000"
    },
    "done": true
  },
  "aquaculture:recipes/misc/red_mushroom_from_fish": {
    "criteria": {
      "has_items": "2024-08-22 18:53:46 +0000"
    },
    "done": true
  },
  "aquaculture:recipes/building_blocks/planks_from_driftwood": {
    "criteria": {
      "has_items": "2024-08-22 18:53:46 +0000"
    },
    "done": true
  },
  "mimi:recipes/listener": {
    "criteria": {
      "has_note": "2024-08-22 18:53:46 +0000"
    },
    "done": true
  },
  "mimi:recipes/musicbox": {
    "criteria": {
      "has_note": "2024-08-22 18:53:46 +0000"
    },
    "done": true
  },
  "aquaculture:recipes/aquaculture/worm_farm": {
    "criteria": {
      "has_items": "2024-08-22 18:53:46 +0000"
    },
    "done": true
  },
  "mimi:recipes/saxophone": {
    "criteria": {
      "has_note": "2024-08-22 18:53:46 +0000"
    },
    "done": true
  },
  "mimi:recipes/timpani": {
    "criteria": {
      "has_note": "2024-08-22 18:53:46 +0000"
    },
    "done": true
  },
  "mimi:recipes/ledcube_a_def": {
    "criteria": {
      "has_note": "2024-08-22 18:53:46 +0000"
    },
    "done": true
  },
  "aquaculture:recipes/aquaculture/note_hook": {
    "criteria": {
      "has_items": "2024-08-22 18:53:46 +0000"
    },
    "done": true
  },
  "aquaculture:recipes/food/cooked_fish_fillet_from_campfire": {
    "criteria": {
      "has_items": "2024-08-22 18:53:46 +0000"
    },
    "done": true
  },
  "mimi:recipes/prophet": {
    "criteria": {
      "has_note": "2024-08-22 18:53:46 +0000"
    },
    "done": true
  },
  "mimi:recipes/viola": {
    "criteria": {
      "has_note": "2024-08-22 18:53:46 +0000"
    },
    "done": true
  },
  "aquaculture:recipes/aquaculture/gold_hook": {
    "criteria": {
      "has_items": "2024-08-22 18:53:46 +0000"
    },
    "done": true
  },
  "aquaculture:recipes/decorations/spruce_fish_mount": {
    "criteria": {
      "has_items": "2024-08-22 18:53:46 +0000"
    },
    "done": true
  },
  "mimi:recipes/bassguitar": {
    "criteria": {
      "has_note": "2024-08-22 18:53:46 +0000"
    },
    "done": true
  },
  "aquaculture:recipes/misc/tin_can_to_iron_nugget_from_blasting": {
    "criteria": {
      "has_items": "2024-08-22 18:53:46 +0000"
    },
    "done": true
  },
  "mimi:recipes/relay": {
    "criteria": {
      "has_note": "2024-08-22 18:53:46 +0000"
    },
    "done": true
  },
  "mimi:recipes/microphone": {
    "criteria": {
      "has_note": "2024-08-22 18:53:46 +0000"
    },
    "done": true
  },
  "mimi:recipes/organ": {
    "criteria": {
      "has_note": "2024-08-22 18:53:46 +0000"
    },
    "done": true
  },
  "aquaculture:recipes/aquaculture/redstone_hook": {
    "criteria": {
      "has_items": "2024-08-22 18:53:46 +0000"
    },
    "done": true
  },
  "aquaculture:recipes/misc/gold_nugget_from_blasting": {
    "criteria": {
      "has_fishing_rod": "2024-08-22 18:53:46 +0000",
      "has_fillet_knife": "2024-08-22 18:53:46 +0000"
    },
    "done": true
  },
  "aquaculture:recipes/aquaculture/bobber": {
    "criteria": {
      "has_items": "2024-08-22 18:53:46 +0000"
    },
    "done": true
  },
  "aquaculture:recipes/misc/gold_nugget_from_gold_fish": {
    "criteria": {
      "has_items": "2024-08-22 18:53:46 +0000"
    },
    "done": true
  },
  "mimi:recipes/effectemitter": {
    "criteria": {
      "has_note": "2024-08-22 18:53:46 +0000"
    },
    "done": true
  },
  "aquaculture:recipes/food/cooked_fish_fillet_from_smoking": {
    "criteria": {
      "has_items": "2024-08-22 18:53:46 +0000"
    },
    "done": true
  },
  "mimi:recipes/oboe": {
    "criteria": {
      "has_note": "2024-08-22 18:53:46 +0000"
    },
    "done": true
  },
  "farmersdelight:main/root": {
    "criteria": {
      "seeds": "2024-08-22 18:53:46 +0000"
    },
    "done": true
  },
  "mimi:recipes/accordion": {
    "criteria": {
      "has_note": "2024-08-22 18:53:46 +0000"
    },
    "done": true
  },
  "aquaculture:recipes/food/cooked_fish_fillet": {
    "criteria": {
      "has_items": "2024-08-22 18:53:46 +0000"
    },
    "done": true
  },
  "minecraft:recipes/building_blocks/muddy_mangrove_roots": {
    "criteria": {
      "has_mangrove_roots": "2024-08-22 18:53:46 +0000"
    },
    "done": true
  },
  "mimi:recipes/handbell": {
    "criteria": {
      "has_note": "2024-08-22 18:53:46 +0000"
    },
    "done": true
  },
  "mimi:recipes/trombone": {
    "criteria": {
      "has_note": "2024-08-22 18:53:46 +0000"
    },
    "done": true
  },
  "aquaculture:recipes/misc/neptunium_ingot_from_nuggets": {
    "criteria": {
      "has_items": "2024-08-22 18:53:46 +0000"
    },
    "done": true
  },
  "mimi:recipes/edrums": {
    "criteria": {
      "has_note": "2024-08-22 18:53:46 +0000"
    },
    "done": true
  },
  "aquaculture:recipes/misc/iron_nugget_from_blasting": {
    "criteria": {
      "has_fishing_rod": "2024-08-22 18:53:46 +0000",
      "has_fillet_knife": "2024-08-22 18:53:46 +0000"
    },
    "done": true
  },
  "mimi:recipes/tubularbells": {
    "criteria": {
      "has_note": "2024-08-22 18:53:46 +0000"
    },
    "done": true
  },
  "aquaculture:recipes/decorations/jungle_fish_mount": {
    "criteria": {
      "has_items": "2024-08-22 18:53:46 +0000"
    },
    "done": true
  },
  "sophisticatedbackpacks:recipes/misc/iron_backpack": {
    "criteria": {
      "has_backpack": "2024-08-22 18:55:10 +0000"
    },
    "done": true
  },
  "sophisticatedbackpacks:recipes/misc/copper_backpack": {
    "criteria": {
      "has_backpack": "2024-08-22 18:55:10 +0000"
    },
    "done": true
  },
  "minecraft:recipes/decorations/chest": {
    "criteria": {
      "has_lots_of_items": "2024-08-22 18:55:47 +0000"
    },
    "done": true
  },
  "minecraft:recipes/misc/gold_nugget_from_smelting": {
    "criteria": {
      "has_golden_hoe": "2024-08-22 18:57:33 +0000"
    },
    "done": true
  },
  "minecraft:recipes/misc/gold_nugget_from_blasting": {
    "criteria": {
      "has_golden_hoe": "2024-08-22 18:57:33 +0000"
    },
    "done": true
  },
  "lightmanscurrency:recipes/misc/wallet/upgrade_wallet_iron_to_wallet_netherite": {
    "criteria": {
      "wallet": "2024-08-22 18:58:43 +0000"
    },
    "done": true
  },
  "minecraft:recipes/misc/stick": {
    "criteria": {
      "has_planks": "2024-08-22 18:58:43 +0000"
    },
    "done": true
  },
  "suppsquared:recipes/decorations/item_shelf_mangrove": {
    "criteria": {
      "has_planks": "2024-08-22 18:58:43 +0000"
    },
    "done": true
  },
  "lightmanscurrency:recipes/misc/wallet/upgrade_wallet_emerald_to_wallet_diamond": {
    "criteria": {
      "wallet": "2024-08-22 18:58:43 +0000"
    },
    "done": true
  },
  "lightmanscurrency:recipes/misc/wallet/upgrade_wallet_copper_to_wallet_emerald": {
    "criteria": {
      "wallet": "2024-08-22 18:58:43 +0000"
    },
    "done": true
  },
  "lightmanscurrency:recipes/misc/wallet/upgrade_wallet_copper_to_wallet_netherite": {
    "criteria": {
      "wallet": "2024-08-22 18:58:43 +0000"
    },
    "done": true
  },
  "minecraft:recipes/redstone/mangrove_pressure_plate": {
    "criteria": {
      "has_planks": "2024-08-22 18:58:43 +0000"
    },
    "done": true
  },
  "sophisticatedstorage:recipes/misc/mangrove_limited_barrel_4": {
    "criteria": {
      "has_mangrove_plank": "2024-08-22 18:58:43 +0000"
    },
    "done": true
  },
  "sophisticatedstorage:recipes/misc/mangrove_limited_barrel_2": {
    "criteria": {
      "has_mangrove_plank": "2024-08-22 18:58:43 +0000"
    },
    "done": true
  },
  "sophisticatedstorage:recipes/misc/mangrove_limited_barrel_1": {
    "criteria": {
      "has_mangrove_plank": "2024-08-22 18:58:43 +0000"
    },
    "done": true
  },
  "lightmanscurrency:recipes/misc/wallet/wallet_diamond": {
    "criteria": {
      "wallet": "2024-08-22 18:58:43 +0000"
    },
    "done": true
  },
  "lightmanscurrency:recipes/decorations/coin_jar/blue": {
    "criteria": {
      "wallet": "2024-08-22 18:58:43 +0000"
    },
    "done": true
  },
  "lightmanscurrency:recipes/misc/wallet/upgrade_wallet_gold_to_wallet_netherite": {
    "criteria": {
      "wallet": "2024-08-22 18:58:43 +0000"
    },
    "done": true
  },
  "handcrafted:recipes/misc/mangrove_table": {
    "criteria": {
      "has_mangrove_table": "2024-08-22 18:58:43 +0000"
    },
    "done": true
  },
  "handcrafted:recipes/misc/goat_trophy": {
    "criteria": {
      "has_goat_trophy": "2024-08-22 18:58:43 +0000"
    },
    "done": true
  },
  "supplementaries:recipes/turn_table": {
    "criteria": {
      "minecraft:planks": "2024-08-22 18:58:43 +0000"
    },
    "done": true
  },
  "minecraft:recipes/decorations/mangrove_sign": {
    "criteria": {
      "has_planks": "2024-08-22 18:58:43 +0000"
    },
    "done": true
  },
  "lightmanscurrency:recipes/misc/wallet/upgrade_wallet_copper_to_wallet_diamond": {
    "criteria": {
      "wallet": "2024-08-22 18:58:43 +0000"
    },
    "done": true
  },
  "handcrafted:recipes/misc/blaze_trophy": {
    "criteria": {
      "has_blaze_trophy": "2024-08-22 18:58:43 +0000"
    },
    "done": true
  },
  "handcrafted:recipes/misc/wolf_trophy": {
    "criteria": {
      "has_wolf_trophy": "2024-08-22 18:58:43 +0000"
    },
    "done": true
  },
  "lightmanscurrency:recipes/misc/wallet/upgrade_wallet_iron_to_wallet_emerald": {
    "criteria": {
      "wallet": "2024-08-22 18:58:43 +0000"
    },
    "done": true
  },
  "handcrafted:recipes/misc/mangrove_couch": {
    "criteria": {
      "has_mangrove_couch": "2024-08-22 18:58:43 +0000"
    },
    "done": true
  },
  "minecraft:recipes/building_blocks/mangrove_stairs": {
    "criteria": {
      "has_planks": "2024-08-22 18:58:43 +0000"
    },
    "done": true
  },
  "lightmanscurrency:recipes/misc/wallet/upgrade_wallet_copper_to_wallet_iron": {
    "criteria": {
      "wallet": "2024-08-22 18:58:43 +0000"
    },
    "done": true
  },
  "domum_ornamentum:recipes/building_blocks/blockbarreldeco_onside": {
    "criteria": {
      "has_planks": "2024-08-22 18:58:43 +0000"
    },
    "done": true
  },
  "supplementaries:recipes/bed_from_feather_block": {
    "criteria": {
      "minecraft:planks": "2024-08-22 18:58:43 +0000"
    },
    "done": true
  },
  "handcrafted:recipes/misc/mangrove_bench": {
    "criteria": {
      "has_mangrove_bench": "2024-08-22 18:58:43 +0000"
    },
    "done": true
  },
  "handcrafted:recipes/misc/mangrove_desk": {
    "criteria": {
      "has_mangrove_desk": "2024-08-22 18:58:43 +0000"
    },
    "done": true
  },
  "handcrafted:recipes/misc/spider_trophy": {
    "criteria": {
      "has_spider_trophy": "2024-08-22 18:58:43 +0000"
    },
    "done": true
  },
  "lightmanscurrency:recipes/misc/wallet/upgrade_wallet_diamond_to_wallet_netherite": {
    "criteria": {
      "wallet": "2024-08-22 18:58:43 +0000"
    },
    "done": true
  },
  "mcwbridges:recipes/mangrove_rail_bridge": {
    "criteria": {
      "has_planks": "2024-08-22 18:58:43 +0000"
    },
    "done": true
  },
  "lightmanscurrency:recipes/decorations/coin_jar/piggy_bank": {
    "criteria": {
      "wallet": "2024-08-22 18:58:43 +0000"
    },
    "done": true
  },
  "minecraft:recipes/redstone/mangrove_trapdoor": {
    "criteria": {
      "has_planks": "2024-08-22 18:58:43 +0000"
    },
    "done": true
  },
  "create:recipes/building_blocks/mangrove_window": {
    "criteria": {
      "has_ingredient": "2024-08-22 18:58:43 +0000"
    },
    "done": true
  },
  "cuisinedelight:recipes/misc/plate_from_planks_stonecutting": {
    "criteria": {
      "has_planks": "2024-08-22 18:58:43 +0000"
    },
    "done": true
  },
  "handcrafted:recipes/misc/mangrove_drawer": {
    "criteria": {
      "has_mangrove_drawer": "2024-08-22 18:58:43 +0000"
    },
    "done": true
  },
  "domum_ornamentum:recipes/building_blocks/blockbarreldeco_standing": {
    "criteria": {
      "has_planks": "2024-08-22 18:58:43 +0000"
    },
    "done": true
  },
  "lightmanscurrency:recipes/misc/wallet/wallet_iron": {
    "criteria": {
      "wallet": "2024-08-22 18:58:43 +0000"
    },
    "done": true
  },
  "handcrafted:recipes/misc/mangrove_pillar_trim": {
    "criteria": {
      "has_mangrove_pillar_trim": "2024-08-22 18:58:43 +0000"
    },
    "done": true
  },
  "minecraft:recipes/building_blocks/mangrove_slab": {
    "criteria": {
      "has_planks": "2024-08-22 18:58:43 +0000"
    },
    "done": true
  },
  "handcrafted:recipes/misc/skeleton_horse_trophy": {
    "criteria": {
      "has_skeleton_horse_trophy": "2024-08-22 18:58:43 +0000"
    },
    "done": true
  },
  "handcrafted:recipes/misc/wither_skeleton_trophy": {
    "criteria": {
      "has_wither_skeleton_trophy": "2024-08-22 18:58:43 +0000"
    },
    "done": true
  },
  "lightmanscurrency:recipes/misc/wallet/upgrade_wallet_iron_to_wallet_diamond": {
    "criteria": {
      "wallet": "2024-08-22 18:58:43 +0000"
    },
    "done": true
  },
  "supplementaries:recipes/lock_block": {
    "criteria": {
      "minecraft:planks": "2024-08-22 18:58:43 +0000"
    },
    "done": true
  },
  "handcrafted:recipes/misc/mangrove_counter": {
    "criteria": {
      "has_mangrove_counter": "2024-08-22 18:58:43 +0000"
    },
    "done": true
  },
  "handcrafted:recipes/misc/mangrove_shelf": {
    "criteria": {
      "has_mangrove_shelf": "2024-08-22 18:58:43 +0000"
    },
    "done": true
  },
  "handcrafted:recipes/misc/salmon_trophy": {
    "criteria": {
      "has_salmon_trophy": "2024-08-22 18:58:43 +0000"
    },
    "done": true
  },
  "handcrafted:recipes/misc/silverfish_trophy": {
    "criteria": {
      "has_silverfish_trophy": "2024-08-22 18:58:43 +0000"
    },
    "done": true
  },
  "handcrafted:recipes/misc/mangrove_chair": {
    "criteria": {
      "has_mangrove_chair": "2024-08-22 18:58:43 +0000"
    },
    "done": true
  },
  "lightmanscurrency:recipes/misc/wallet/wallet_copper": {
    "criteria": {
      "wallet": "2024-08-22 18:58:43 +0000"
    },
    "done": true
  },
  "lightmanscurrency:recipes/misc/wallet/upgrade_wallet_gold_to_wallet_diamond": {
    "criteria": {
      "wallet": "2024-08-22 18:58:43 +0000"
    },
    "done": true
  },
  "lightmanscurrency:recipes/misc/wallet/wallet_gold": {
    "criteria": {
      "wallet": "2024-08-22 18:58:43 +0000"
    },
    "done": true
  },
  "lightmanscurrency:recipes/misc/wallet/upgrade_wallet_iron_to_wallet_gold": {
    "criteria": {
      "wallet": "2024-08-22 18:58:43 +0000"
    },
    "done": true
  },
  "supplementaries:recipes/clock_block": {
    "criteria": {
      "minecraft:planks": "2024-08-22 18:58:43 +0000"
    },
    "done": true
  },
  "supplementaries:recipes/decorations/sign_post_mangrove": {
    "criteria": {
      "has_planks": "2024-08-22 18:58:43 +0000"
    },
    "done": true
  },
  "minecraft:recipes/decorations/barrel": {
    "criteria": {
      "has_planks": "2024-08-22 18:58:43 +0000"
    },
    "done": true
  },
  "lightmanscurrency:recipes/misc/wallet/wallet_netherite": {
    "criteria": {
      "wallet": "2024-08-22 18:58:43 +0000"
    },
    "done": true
  },
  "lightmanscurrency:recipes/misc/wallet/upgrade_wallet_copper_to_wallet_gold": {
    "criteria": {
      "wallet": "2024-08-22 18:58:43 +0000"
    },
    "done": true
  },
  "mcwbridges:recipes/rope_mangrove_bridge": {
    "criteria": {
      "has_planks": "2024-08-22 18:58:43 +0000"
    },
    "done": true
  },
  "minecraft:recipes/redstone/mangrove_door": {
    "criteria": {
      "has_planks": "2024-08-22 18:58:43 +0000"
    },
    "done": true
  },
  "supplementaries:recipes/speaker_block": {
    "criteria": {
      "minecraft:planks": "2024-08-22 18:58:43 +0000"
    },
    "done": true
  },
  "handcrafted:recipes/misc/fox_trophy": {
    "criteria": {
      "has_fox_trophy": "2024-08-22 18:58:43 +0000"
    },
    "done": true
  },
  "lightmanscurrency:currency/wallet_crafting": {
    "criteria": {
      "wallet": "2024-08-22 18:58:43 +0000"
    },
    "done": true
  },
  "handcrafted:recipes/misc/tropical_fish_trophy": {
    "criteria": {
      "has_tropical_fish_trophy": "2024-08-22 18:58:43 +0000"
    },
    "done": true
  },
  "lightmanscurrency:recipes/misc/wallet/upgrade_wallet_gold_to_wallet_emerald": {
    "criteria": {
      "wallet": "2024-08-22 18:58:43 +0000"
    },
    "done": true
  },
  "handcrafted:recipes/misc/pufferfish_trophy": {
    "criteria": {
      "has_pufferfish_trophy": "2024-08-22 18:58:43 +0000"
    },
    "done": true
  },
  "handcrafted:recipes/misc/mangrove_fancy_bed": {
    "criteria": {
      "has_mangrove_fancy_bed": "2024-08-22 18:58:43 +0000"
    },
    "done": true
  },
  "lightmanscurrency:recipes/misc/wallet/wallet_emerald": {
    "criteria": {
      "wallet": "2024-08-22 18:58:43 +0000"
    },
    "done": true
  },
  "minecraft:recipes/decorations/mangrove_fence": {
    "criteria": {
      "has_planks": "2024-08-22 18:58:43 +0000"
    },
    "done": true
  },
  "sophisticatedstorage:recipes/misc/mangrove_barrel": {
    "criteria": {
      "has_mangrove_plank": "2024-08-22 18:58:43 +0000"
    },
    "done": true
  },
  "minecraft:recipes/redstone/mangrove_fence_gate": {
    "criteria": {
      "has_planks": "2024-08-22 18:58:43 +0000"
    },
    "done": true
  },
  "supplementaries:recipes/sign_post_mangrove": {
    "criteria": {
      "has_the_recipe": "2024-08-22 18:58:43 +0000"
    },
    "done": true
  },
  "lightmanscurrency:recipes/misc/wallet/upgrade_wallet_emerald_to_wallet_netherite": {
    "criteria": {
      "wallet": "2024-08-22 18:58:43 +0000"
    },
    "done": true
  },
  "supplementaries:recipes/pulley": {
    "criteria": {
      "minecraft:planks": "2024-08-22 18:58:43 +0000"
    },
    "done": true
  },
  "handcrafted:recipes/misc/mangrove_side_table": {
    "criteria": {
      "has_mangrove_side_table": "2024-08-22 18:58:43 +0000"
    },
    "done": true
  },
  "handcrafted:recipes/misc/mangrove_cupboard": {
    "criteria": {
      "has_mangrove_cupboard": "2024-08-22 18:58:43 +0000"
    },
    "done": true
  },
  "handcrafted:recipes/misc/bear_trophy": {
    "criteria": {
      "has_bear_trophy": "2024-08-22 18:58:44 +0000"
    },
    "done": true
  },
  "sophisticatedstorage:recipes/misc/mangrove_limited_barrel_3": {
    "criteria": {
      "has_mangrove_plank": "2024-08-22 18:58:44 +0000"
    },
    "done": true
  },
  "handcrafted:recipes/misc/mangrove_dining_bench": {
    "criteria": {
      "has_mangrove_dining_bench": "2024-08-22 18:58:44 +0000"
    },
    "done": true
  },
  "supplementaries:recipes/notice_board": {
    "criteria": {
      "minecraft:planks": "2024-08-22 18:58:44 +0000"
    },
    "done": true
  },
  "handcrafted:recipes/misc/mangrove_corner_trim": {
    "criteria": {
      "has_mangrove_corner_trim": "2024-08-22 18:58:44 +0000"
    },
    "done": true
  },
  "mcwbridges:recipes/mangrove_log_bridge_middle": {
    "criteria": {
      "has_planks": "2024-08-22 18:58:44 +0000"
    },
    "done": true
  },
  "sophisticatedstorage:recipes/misc/mangrove_chest": {
    "criteria": {
      "has_mangrove_plank": "2024-08-22 18:58:44 +0000"
    },
    "done": true
  },
  "handcrafted:recipes/misc/mangrove_nightstand": {
    "criteria": {
      "has_mangrove_nightstand": "2024-08-22 18:58:44 +0000"
    },
    "done": true
  },
  "minecraft:recipes/redstone/mangrove_button": {
    "criteria": {
      "has_planks": "2024-08-22 18:58:44 +0000"
    },
    "done": true
  },
  "minecraft:recipes/misc/iron_nugget_from_smelting": {
    "criteria": {
      "has_iron_sword": "2024-08-22 18:58:45 +0000"
    },
    "done": true
  },
  "minecraft:recipes/misc/iron_nugget_from_blasting": {
    "criteria": {
      "has_iron_sword": "2024-08-22 18:58:45 +0000"
    },
    "done": true
  },
  "deeperdarker:recipes/transportation/echo_boat": {
    "criteria": {
      "in_water": "2024-08-22 19:01:23 +0000"
    },
    "done": true
  },
  "undergarden:recipes/transportation/grongle_boat": {
    "criteria": {
      "in_water": "2024-08-22 19:01:23 +0000"
    },
    "done": true
  },
  "minecraft:recipes/transportation/cherry_boat": {
    "criteria": {
      "in_water": "2024-08-22 19:01:23 +0000"
    },
    "done": true
  },
  "minecraft:recipes/transportation/acacia_boat": {
    "criteria": {
      "in_water": "2024-08-22 19:01:23 +0000"
    },
    "done": true
  },
  "minecraft:recipes/transportation/jungle_boat": {
    "criteria": {
      "in_water": "2024-08-22 19:01:23 +0000"
    },
    "done": true
  },
  "minecraft:recipes/transportation/spruce_boat": {
    "criteria": {
      "in_water": "2024-08-22 19:01:23 +0000"
    },
    "done": true
  },
  "minecraft:recipes/transportation/mangrove_boat": {
    "criteria": {
      "in_water": "2024-08-22 19:01:23 +0000"
    },
    "done": true
  },
  "undergarden:recipes/transportation/smogstem_boat": {
    "criteria": {
      "in_water": "2024-08-22 19:01:23 +0000"
    },
    "done": true
  },
  "minecraft:recipes/transportation/dark_oak_boat": {
    "criteria": {
      "in_water": "2024-08-22 19:01:23 +0000"
    },
    "done": true
  },
  "minecraft:recipes/transportation/bamboo_raft": {
    "criteria": {
      "in_water": "2024-08-22 19:01:23 +0000"
    },
    "done": true
  },
  "minecraft:recipes/transportation/birch_boat": {
    "criteria": {
      "in_water": "2024-08-22 19:01:23 +0000"
    },
    "done": true
  },
  "minecraft:recipes/transportation/oak_boat": {
    "criteria": {
      "in_water": "2024-08-22 19:01:23 +0000"
    },
    "done": true
  },
  "undergarden:recipes/transportation/wigglewood_boat": {
    "criteria": {
      "in_water": "2024-08-22 19:01:23 +0000"
    },
    "done": true
  },
  "minecraft:recipes/building_blocks/packed_mud": {
    "criteria": {
      "has_mud": "2024-08-22 19:02:14 +0000"
    },
    "done": true
  },
  "doggytalents:recipes/decorations/baker_hat": {
    "criteria": {
      "has_bread": "2024-08-22 19:04:16 +0000"
    },
    "done": true
  },
  "doggytalents:recipes/decorations/hot_dog": {
    "criteria": {
      "has_bread": "2024-08-22 19:04:16 +0000"
    },
    "done": true
  },
  "sliceanddice:recipes/misc/slicer": {
    "criteria": {
      "has_tool": "2024-08-22 19:04:25 +0000"
    },
    "done": true
  },
  "farmersdelight:main/craft_knife": {
    "criteria": {
      "flint_knife": "2024-08-22 19:04:25 +0000"
    },
    "done": true
  },
  "minecraft:adventure/kill_a_mob": {
    "criteria": {
      "minecraft:skeleton": "2024-08-22 19:05:43 +0000"
    },
    "done": true
  },
  "minecraft:adventure/kill_all_mobs": {
    "criteria": {
      "minecraft:skeleton": "2024-08-22 19:05:43 +0000",
      "minecraft:drowned": "2024-08-22 19:38:03 +0000"
    },
    "done": false
  },
  "minecraft:recipes/decorations/ladder": {
    "criteria": {
      "has_stick": "2024-08-22 19:10:33 +0000"
    },
    "done": true
  },
  "supplementaries:recipes/flags/flag_magenta": {
    "criteria": {
      "has_stick": "2024-08-22 19:10:33 +0000"
    },
    "done": true
  },
  "doggytalents:recipes/decorations/sunglasses": {
    "criteria": {
      "has_stick": "2024-08-22 19:10:33 +0000"
    },
    "done": true
  },
  "minecraft:recipes/tools/wooden_axe": {
    "criteria": {
      "has_stick": "2024-08-22 19:10:33 +0000"
    },
    "done": true
  },
  "doggytalents:recipes/decorations/giant_stick": {
    "criteria": {
      "has_stick": "2024-08-22 19:10:33 +0000"
    },
    "done": true
  },
  "xercapaint:recipes/item_easel": {
    "criteria": {
      "has_item": "2024-08-22 19:10:33 +0000"
    },
    "done": true
  },
  "supplementaries:recipes/daub_cross_brace": {
    "criteria": {
      "forge:rods/wooden": "2024-08-22 19:10:33 +0000"
    },
    "done": true
  },
  "minecraft:recipes/decorations/campfire": {
    "criteria": {
      "has_stick": "2024-08-22 19:10:33 +0000"
    },
    "done": true
  },
  "supplementaries:recipes/timber_brace": {
    "criteria": {
      "forge:rods/wooden": "2024-08-22 19:10:33 +0000"
    },
    "done": true
  },
  "paraglider:recipes/misc/paraglider": {
    "criteria": {
      "has_stick": "2024-08-22 19:10:33 +0000"
    },
    "done": true
  },
  "supplementaries:recipes/flags/flag_black": {
    "criteria": {
      "has_stick": "2024-08-22 19:10:33 +0000"
    },
    "done": true
  },
  "minecraft:recipes/combat/wooden_sword": {
    "criteria": {
      "has_stick": "2024-08-22 19:10:33 +0000"
    },
    "done": true
  },
  "supplementaries:recipes/flags/flag_green": {
    "criteria": {
      "has_stick": "2024-08-22 19:10:33 +0000"
    },
    "done": true
  },
  "supplementaries:recipes/flags/flag_purple": {
    "criteria": {
      "has_stick": "2024-08-22 19:10:33 +0000"
    },
    "done": true
  },
  "supplementaries:recipes/flags/flag_white": {
    "criteria": {
      "has_stick": "2024-08-22 19:10:33 +0000"
    },
    "done": true
  },
  "supplementaries:recipes/timber_cross_brace": {
    "criteria": {
      "forge:rods/wooden": "2024-08-22 19:10:33 +0000"
    },
    "done": true
  },
  "undergarden:recipes/combat/slingshot": {
    "criteria": {
      "has_stick": "2024-08-22 19:10:33 +0000"
    },
    "done": true
  },
  "supplementaries:recipes/flags/flag_gray": {
    "criteria": {
      "has_stick": "2024-08-22 19:10:33 +0000"
    },
    "done": true
  },
  "crabbersdelight:recipes/decorations/crab_trap": {
    "criteria": {
      "has_stick": "2024-08-22 19:10:33 +0000"
    },
    "done": true
  },
  "supplementaries:recipes/faucet": {
    "criteria": {
      "forge:rods/wooden": "2024-08-22 19:10:33 +0000"
    },
    "done": true
  },
  "undergarden:recipes/decorations/shard_torch": {
    "criteria": {
      "has_stick": "2024-08-22 19:10:33 +0000"
    },
    "done": true
  },
  "supplementaries:recipes/flags/flag_light_blue": {
    "criteria": {
      "has_stick": "2024-08-22 19:10:33 +0000"
    },
    "done": true
  },
  "supplementaries:recipes/daub_brace": {
    "criteria": {
      "forge:rods/wooden": "2024-08-22 19:10:33 +0000"
    },
    "done": true
  },
  "minecraft:recipes/tools/wooden_pickaxe": {
    "criteria": {
      "has_stick": "2024-08-22 19:10:33 +0000"
    },
    "done": true
  },
  "supplementaries:recipes/flags/flag_cyan": {
    "criteria": {
      "has_stick": "2024-08-22 19:10:33 +0000"
    },
    "done": true
  },
  "supplementaries:recipes/flags/flag_red": {
    "criteria": {
      "has_stick": "2024-08-22 19:10:33 +0000"
    },
    "done": true
  },
  "supplementaries:recipes/crank": {
    "criteria": {
      "forge:rods/wooden": "2024-08-22 19:10:33 +0000"
    },
    "done": true
  },
  "supplementaries:recipes/flags/flag_orange": {
    "criteria": {
      "has_stick": "2024-08-22 19:10:33 +0000"
    },
    "done": true
  },
  "supplementaries:recipes/flags/flag_pink": {
    "criteria": {
      "has_stick": "2024-08-22 19:10:33 +0000"
    },
    "done": true
  },
  "supplementaries:recipes/timber_frame": {
    "criteria": {
      "forge:rods/wooden": "2024-08-22 19:10:33 +0000"
    },
    "done": true
  },
  "aquaculture:recipes/tools/wooden_fillet_knife": {
    "criteria": {
      "has_items": "2024-08-22 19:10:33 +0000"
    },
    "done": true
  },
  "minecraft:recipes/tools/wooden_hoe": {
    "criteria": {
      "has_stick": "2024-08-22 19:10:33 +0000"
    },
    "done": true
  },
  "supplementaries:recipes/slingshot": {
    "criteria": {
      "forge:rods/wooden": "2024-08-22 19:10:33 +0000"
    },
    "done": true
  },
  "minecraft:recipes/tools/wooden_shovel": {
    "criteria": {
      "has_stick": "2024-08-22 19:10:33 +0000"
    },
    "done": true
  },
  "undergarden:recipes/decorations/torch_ditchbulb_paste": {
    "criteria": {
      "has_stick": "2024-08-22 19:10:33 +0000"
    },
    "done": true
  },
  "supplementaries:recipes/flags/flag_brown": {
    "criteria": {
      "has_stick": "2024-08-22 19:10:33 +0000"
    },
    "done": true
  },
  "farmersdelight:recipes/combat/flint_knife": {
    "criteria": {
      "has_stick": "2024-08-22 19:10:33 +0000"
    },
    "done": true
  },
  "minecolonies:recipes/misc/shapetool": {
    "criteria": {
      "has_stick": "2024-08-22 19:10:33 +0000"
    },
    "done": true
  },
  "undergarden:recipes/decorations/undergarden_scaffolding": {
    "criteria": {
      "has_stick": "2024-08-22 19:10:33 +0000"
    },
    "done": true
  },
  "supplementaries:recipes/flags/flag_blue": {
    "criteria": {
      "has_stick": "2024-08-22 19:10:33 +0000"
    },
    "done": true
  },
  "supplementaries:recipes/daub_frame": {
    "criteria": {
      "forge:rods/wooden": "2024-08-22 19:10:33 +0000"
    },
    "done": true
  },
  "supplementaries:recipes/flags/flag_yellow": {
    "criteria": {
      "has_stick": "2024-08-22 19:10:33 +0000"
    },
    "done": true
  },
  "supplementaries:recipes/flags/flag_light_gray": {
    "criteria": {
      "has_stick": "2024-08-22 19:10:33 +0000"
    },
    "done": true
  },
  "farmersdelight:recipes/decorations/cutting_board": {
    "criteria": {
      "has_stick": "2024-08-22 19:10:33 +0000"
    },
    "done": true
  },
  "supplementaries:recipes/flags/flag_lime": {
    "criteria": {
      "has_stick": "2024-08-22 19:10:33 +0000"
    },
    "done": true
  },
  "doggytalents:recipes/combat/sussy_sickle": {
    "criteria": {
      "has_iron_ingot": "2024-08-22 19:10:40 +0000"
    },
    "done": true
  },
  "minecraft:recipes/combat/iron_helmet": {
    "criteria": {
      "has_iron_ingot": "2024-08-22 19:10:40 +0000"
    },
    "done": true
  },
  "handcrafted:recipes/misc/hammer": {
    "criteria": {
      "has_hammer": "2024-08-22 19:10:40 +0000"
    },
    "done": true
  },
  "doggytalents:recipes/tools/whistle": {
    "criteria": {
      "has_iron_ingot": "2024-08-22 19:10:40 +0000"
    },
    "done": true
  },
  "supplementaries:recipes/candle_holders/candle_holder_gray": {
    "criteria": {
      "has_iron_ingot": "2024-08-22 19:10:40 +0000"
    },
    "done": true
  },
  "doggytalents:recipes/decorations/propeller_hat": {
    "criteria": {
      "has_iron_ingot": "2024-08-22 19:10:40 +0000"
    },
    "done": true
  },
  "supplementaries:recipes/candle_holders/candle_holder_light_gray": {
    "criteria": {
      "has_iron_ingot": "2024-08-22 19:10:40 +0000"
    },
    "done": true
  },
  "create:recipes/misc/crafting/materials/andesite_alloy": {
    "criteria": {
      "has_item": "2024-08-22 19:10:40 +0000"
    },
    "done": true
  },
  "minecolonies:recipes/misc/chainmailleggings": {
    "criteria": {
      "has_iron": "2024-08-22 19:10:40 +0000"
    },
    "done": true
  },
  "mcwbridges:recipes/iron_bridge_pier": {
    "criteria": {
      "has_planks": "2024-08-22 19:10:40 +0000"
    },
    "done": true
  },
  "betterarcheology:recipes/recipe_iron_brush": {
    "criteria": {
      "has_item": "2024-08-22 19:10:40 +0000"
    },
    "done": true
  },
  "chimes:recipes/decorations/iron_chimes": {
    "criteria": {
      "has_wood_slabs": "2024-08-22 19:10:40 +0000"
    },
    "done": true
  },
  "minecraft:recipes/redstone/hopper": {
    "criteria": {
      "has_iron_ingot": "2024-08-22 19:10:40 +0000"
    },
    "done": true
  },
  "supplementaries:recipes/candle_holders/candle_holder_orange": {
    "criteria": {
      "has_iron_ingot": "2024-08-22 19:10:40 +0000"
    },
    "done": true
  },
  "minecraft:recipes/combat/iron_boots": {
    "criteria": {
      "has_iron_ingot": "2024-08-22 19:10:40 +0000"
    },
    "done": true
  },
  "supplementaries:recipes/candle_holders/candle_holder_red": {
    "criteria": {
      "has_iron_ingot": "2024-08-22 19:10:40 +0000"
    },
    "done": true
  },
  "supplementaries:recipes/bubble_blower": {
    "criteria": {
      "has_iron_ingot": "2024-08-22 19:10:40 +0000"
    },
    "done": true
  },
  "mcwbridges:recipes/iron_bridge": {
    "criteria": {
      "has_planks": "2024-08-22 19:10:40 +0000"
    },
    "done": true
  },
  "minecraft:recipes/redstone/iron_trapdoor": {
    "criteria": {
      "has_iron_ingot": "2024-08-22 19:10:40 +0000"
    },
    "done": true
  },
  "farmersdelight:recipes/combat/iron_knife": {
    "criteria": {
      "has_iron_ingot": "2024-08-22 19:10:40 +0000"
    },
    "done": true
  },
  "supplementaries:recipes/candle_holders/candle_holder_magenta": {
    "criteria": {
      "has_iron_ingot": "2024-08-22 19:10:40 +0000"
    },
    "done": true
  },
  "undergarden:recipes/tools/catalyst": {
    "criteria": {
      "has_iron": "2024-08-22 19:10:40 +0000"
    },
    "done": true
  },
  "minecraft:recipes/combat/iron_chestplate": {
    "criteria": {
      "has_iron_ingot": "2024-08-22 19:10:40 +0000"
    },
    "done": true
  },
  "minecraft:recipes/misc/iron_nugget": {
    "criteria": {
      "has_iron_ingot": "2024-08-22 19:10:40 +0000"
    },
    "done": true
  },
  "minecraft:recipes/misc/bucket": {
    "criteria": {
      "has_iron_ingot": "2024-08-22 19:10:40 +0000"
    },
    "done": true
  },
  "supplementaries:recipes/candle_holders/candle_holder_pink": {
    "criteria": {
      "has_iron_ingot": "2024-08-22 19:10:40 +0000"
    },
    "done": true
  },
  "sophisticatedstorage:recipes/misc/upgrade_base": {
    "criteria": {
      "has_iron_ingot": "2024-08-22 19:10:40 +0000"
    },
    "done": true
  },
  "minecraft:story/smelt_iron": {
    "criteria": {
      "iron": "2024-08-22 19:10:40 +0000"
    },
    "done": true
  },
  "supplementaries:recipes/candle_holders/candle_holder_white": {
    "criteria": {
      "has_iron_ingot": "2024-08-22 19:10:40 +0000"
    },
    "done": true
  },
  "simplemagnets:recipes/misc/basicmagnet": {
    "criteria": {
      "recipe_condition": "2024-08-22 19:10:40 +0000"
    },
    "done": true
  },
  "minecolonies:recipes/misc/chainmailchestplate": {
    "criteria": {
      "has_iron": "2024-08-22 19:10:40 +0000"
    },
    "done": true
  },
  "create:recipes/misc/crafting/kinetics/empty_blaze_burner": {
    "criteria": {
      "has_item": "2024-08-22 19:10:40 +0000"
    },
    "done": true
  },
  "supplementaries:recipes/candle_holders/candle_holder_brown": {
    "criteria": {
      "has_iron_ingot": "2024-08-22 19:10:40 +0000"
    },
    "done": true
  },
  "minecraft:recipes/combat/iron_sword": {
    "criteria": {
      "has_iron_ingot": "2024-08-22 19:10:40 +0000"
    },
    "done": true
  },
  "minecraft:recipes/tools/iron_pickaxe": {
    "criteria": {
      "has_iron_ingot": "2024-08-22 19:10:40 +0000"
    },
    "done": true
  },
  "supplementaries:recipes/iron_gate": {
    "criteria": {
      "has_iron_ingot": "2024-08-22 19:10:40 +0000"
    },
    "done": true
  },
  "minecraft:recipes/combat/shield": {
    "criteria": {
      "has_iron_ingot": "2024-08-22 19:10:40 +0000"
    },
    "done": true
  },
  "minecolonies:recipes/misc/chainmailboots": {
    "criteria": {
      "has_iron": "2024-08-22 19:10:40 +0000"
    },
    "done": true
  },
  "minecraft:recipes/decorations/iron_bars": {
    "criteria": {
      "has_iron_ingot": "2024-08-22 19:10:40 +0000"
    },
    "done": true
  },
  "supplementaries:recipes/candle_holders/candle_holder_black": {
    "criteria": {
      "has_iron_ingot": "2024-08-22 19:10:40 +0000"
    },
    "done": true
  },
  "supplementaries:recipes/candle_holders/candle_holder_green": {
    "criteria": {
      "has_iron_ingot": "2024-08-22 19:10:40 +0000"
    },
    "done": true
  },
  "supplementaries:recipes/candle_holders/candle_holder": {
    "criteria": {
      "has_iron_ingot": "2024-08-22 19:10:40 +0000"
    },
    "done": true
  },
  "minecraft:recipes/tools/iron_axe": {
    "criteria": {
      "has_iron_ingot": "2024-08-22 19:10:40 +0000"
    },
    "done": true
  },
  "mcwbridges:recipes/pliers": {
    "criteria": {
      "has_planks": "2024-08-22 19:10:40 +0000"
    },
    "done": true
  },
  "supplementaries:recipes/candle_holders/candle_holder_yellow": {
    "criteria": {
      "has_iron_ingot": "2024-08-22 19:10:40 +0000"
    },
    "done": true
  },
  "doggytalents:recipes/building_blocks/dog_bath": {
    "criteria": {
      "has_iron_ingot": "2024-08-22 19:10:40 +0000"
    },
    "done": true
  },
  "create:recipes/building_blocks/industrial_iron_block_from_ingots_iron_stonecutting": {
    "criteria": {
      "has_ingots_iron": "2024-08-22 19:10:40 +0000"
    },
    "done": true
  },
  "minecraft:recipes/redstone/iron_door": {
    "criteria": {
      "has_iron_ingot": "2024-08-22 19:10:40 +0000"
    },
    "done": true
  },
  "mcwlights:recipes/garden_light": {
    "criteria": {
      "has_wood": "2024-08-22 19:10:40 +0000"
    },
    "done": true
  },
  "supplementaries:recipes/spring_launcher": {
    "criteria": {
      "has_iron_ingot": "2024-08-22 19:10:40 +0000"
    },
    "done": true
  },
  "doggytalents:recipes/decorations/superdog_suit": {
    "criteria": {
      "has_iron_ingot": "2024-08-22 19:10:40 +0000"
    },
    "done": true
  },
  "supplementaries:recipes/candle_holders/candle_holder_blue": {
    "criteria": {
      "has_iron_ingot": "2024-08-22 19:10:40 +0000"
    },
    "done": true
  },
  "supplementaries:recipes/candle_holders/candle_holder_lime": {
    "criteria": {
      "has_iron_ingot": "2024-08-22 19:10:40 +0000"
    },
    "done": true
  },
  "nethersdelight:recipes/decorations/blackstone_blast_furnace": {
    "criteria": {
      "has_iron": "2024-08-22 19:10:40 +0000"
    },
    "done": true
  },
  "supplementaries:recipes/candle_holders/candle_holder_light_blue": {
    "criteria": {
      "has_iron_ingot": "2024-08-22 19:10:40 +0000"
    },
    "done": true
  },
  "minecraft:recipes/tools/shears": {
    "criteria": {
      "has_iron_ingot": "2024-08-22 19:10:40 +0000"
    },
    "done": true
  },
  "supplementaries:recipes/cage": {
    "criteria": {
      "has_iron_ingot": "2024-08-22 19:10:40 +0000"
    },
    "done": true
  },
  "minecraft:recipes/building_blocks/iron_block": {
    "criteria": {
      "has_iron_ingot": "2024-08-22 19:10:40 +0000"
    },
    "done": true
  },
  "farmersdelight:recipes/decorations/cooking_pot": {
    "criteria": {
      "has_iron_ingot": "2024-08-22 19:10:40 +0000"
    },
    "done": true
  },
  "domum_ornamentum:recipes/tools/architectscutter": {
    "criteria": {
      "has_iron_ingot": "2024-08-22 19:10:40 +0000"
    },
    "done": true
  },
  "supplementaries:recipes/bomb": {
    "criteria": {
      "has_iron_ingot": "2024-08-22 19:10:40 +0000"
    },
    "done": true
  },
  "supplementaries:recipes/candle_holders/candle_holder_purple": {
    "criteria": {
      "has_iron_ingot": "2024-08-22 19:10:40 +0000"
    },
    "done": true
  },
  "minecraft:recipes/decorations/lantern": {
    "criteria": {
      "has_iron_ingot": "2024-08-22 19:10:40 +0000"
    },
    "done": true
  },
  "minecraft:recipes/tools/iron_shovel": {
    "criteria": {
      "has_iron_ingot": "2024-08-22 19:10:40 +0000"
    },
    "done": true
  },
  "nethersdelight:recipes/tools/iron_machete": {
    "criteria": {
      "has_iron_ingot": "2024-08-22 19:10:40 +0000"
    },
    "done": true
  },
  "mcwdoors:recipes/metal": {
    "criteria": {
      "has_wood": "2024-08-22 19:10:40 +0000"
    },
    "done": true
  },
  "minecolonies:recipes/misc/chainmailhelmet": {
    "criteria": {
      "has_iron": "2024-08-22 19:10:40 +0000"
    },
    "done": true
  },
  "minecraft:recipes/combat/crossbow": {
    "criteria": {
      "has_iron_ingot": "2024-08-22 19:10:40 +0000"
    },
    "done": true
  },
  "minecraft:recipes/redstone/heavy_weighted_pressure_plate": {
    "criteria": {
      "has_iron_ingot": "2024-08-22 19:10:40 +0000"
    },
    "done": true
  },
  "minecraft:recipes/combat/iron_leggings": {
    "criteria": {
      "has_iron_ingot": "2024-08-22 19:10:40 +0000"
    },
    "done": true
  },
  "minecraft:recipes/transportation/minecart": {
    "criteria": {
      "has_iron_ingot": "2024-08-22 19:10:40 +0000"
    },
    "done": true
  },
  "minecraft:recipes/tools/iron_hoe": {
    "criteria": {
      "has_iron_ingot": "2024-08-22 19:10:40 +0000"
    },
    "done": true
  },
  "mcwlights:recipes/lava_lamp": {
    "criteria": {
      "has_wood": "2024-08-22 19:10:40 +0000"
    },
    "done": true
  },
  "aquaculture:recipes/tools/iron_fillet_knife": {
    "criteria": {
      "has_items": "2024-08-22 19:10:40 +0000"
    },
    "done": true
  },
  "minecraft:recipes/decorations/chain": {
    "criteria": {
      "has_iron_ingot": "2024-08-22 19:10:40 +0000"
    },
    "done": true
  },
  "minecraft:recipes/decorations/smithing_table": {
    "criteria": {
      "has_iron_ingot": "2024-08-22 19:10:40 +0000"
    },
    "done": true
  },
  "supplementaries:recipes/goblet": {
    "criteria": {
      "has_iron_ingot": "2024-08-22 19:10:40 +0000"
    },
    "done": true
  },
  "simplemagnets:recipes/misc/basic_demagnetization_coil": {
    "criteria": {
      "recipe_condition": "2024-08-22 19:10:40 +0000"
    },
    "done": true
  },
  "mcwlights:recipes/iron_stuff": {
    "criteria": {
      "has_wood": "2024-08-22 19:10:40 +0000"
    },
    "done": true
  },
  "handcrafted:recipes/misc/bench": {
    "criteria": {
      "has_bench": "2024-08-22 19:10:40 +0000"
    },
    "done": true
  },
  "lightmanscurrency:recipes/misc/coinmint": {
    "criteria": {
      "material": "2024-08-22 19:10:40 +0000"
    },
    "done": true
  },
  "supplementaries:recipes/candle_holders/candle_holder_cyan": {
    "criteria": {
      "has_iron_ingot": "2024-08-22 19:10:40 +0000"
    },
    "done": true
  },
  "cuisinedelight:recipes/misc/spatula_from_iron_ingot_stonecutting": {
    "criteria": {
      "has_iron_ingot": "2024-08-22 19:10:40 +0000"
    },
    "done": true
  },
  "doggytalents:recipes/building_blocks/food_bowl": {
    "criteria": {
      "has_iron_ingot": "2024-08-22 19:10:40 +0000"
    },
    "done": true
  },
  "minecraft:recipes/building_blocks/mossy_stone_bricks_from_moss_block": {
    "criteria": {
      "has_moss_block": "2024-08-22 19:16:10 +0000"
    },
    "done": true
  },
  "minecraft:recipes/building_blocks/mossy_cobblestone_from_moss_block": {
    "criteria": {
      "has_moss_block": "2024-08-22 19:16:10 +0000"
    },
    "done": true
  },
  "minecraft:recipes/decorations/moss_carpet": {
    "criteria": {
      "has_moss_block": "2024-08-22 19:16:10 +0000"
    },
    "done": true
  },
  "minecraft:story/iron_tools": {
    "criteria": {
      "iron_pickaxe": "2024-08-22 19:18:38 +0000"
    },
    "done": true
  },
  "minecraft:recipes/building_blocks/cobblestone_slab": {
    "criteria": {
      "has_cobblestone": "2024-08-22 19:21:07 +0000"
    },
    "done": true
  },
  "minecraft:recipes/decorations/cobblestone_wall_from_cobblestone_stonecutting": {
    "criteria": {
      "has_cobblestone": "2024-08-22 19:21:07 +0000"
    },
    "done": true
  },
  "minecraft:recipes/building_blocks/cobblestone_stairs": {
    "criteria": {
      "has_cobblestone": "2024-08-22 19:21:07 +0000"
    },
    "done": true
  },
  "minecraft:recipes/redstone/lever": {
    "criteria": {
      "has_cobblestone": "2024-08-22 19:21:07 +0000"
    },
    "done": true
  },
  "minecraft:recipes/combat/stone_sword": {
    "criteria": {
      "has_cobblestone": "2024-08-22 19:21:07 +0000"
    },
    "done": true
  },
  "minecraft:recipes/decorations/cobblestone_wall": {
    "criteria": {
      "has_cobblestone": "2024-08-22 19:21:07 +0000"
    },
    "done": true
  },
  "minecraft:recipes/tools/stone_axe": {
    "criteria": {
      "has_cobblestone": "2024-08-22 19:21:07 +0000"
    },
    "done": true
  },
  "supplementaries:recipes/checker": {
    "criteria": {
      "has_cobblestone": "2024-08-22 19:21:07 +0000"
    },
    "done": true
  },
  "mcwbridges:recipes/cobblestone_bridge_pier": {
    "criteria": {
      "has_planks": "2024-08-22 19:21:07 +0000"
    },
    "done": true
  },
  "mcwbridges:recipes/balustrade_cobblestone_bridge": {
    "criteria": {
      "has_planks": "2024-08-22 19:21:07 +0000"
    },
    "done": true
  },
  "aquaculture:recipes/tools/stone_fillet_knife": {
    "criteria": {
      "has_items": "2024-08-22 19:21:07 +0000"
    },
    "done": true
  },
  "minecraft:story/mine_stone": {
    "criteria": {
      "get_stone": "2024-08-22 19:21:07 +0000"
    },
    "done": true
  },
  "minecraft:recipes/decorations/furnace": {
    "criteria": {
      "has_cobblestone": "2024-08-22 19:21:07 +0000"
    },
    "done": true
  },
  "minecraft:recipes/building_blocks/cobblestone_slab_from_cobblestone_stonecutting": {
    "criteria": {
      "has_cobblestone": "2024-08-22 19:21:07 +0000"
    },
    "done": true
  },
  "minecraft:recipes/building_blocks/stone": {
    "criteria": {
      "has_cobblestone": "2024-08-22 19:21:07 +0000"
    },
    "done": true
  },
  "minecraft:recipes/tools/stone_pickaxe": {
    "criteria": {
      "has_cobblestone": "2024-08-22 19:21:07 +0000"
    },
    "done": true
  },
  "domum_ornamentum:recipes/tools/cobblestone_extra": {
    "criteria": {
      "has_material": "2024-08-22 19:21:07 +0000"
    },
    "done": true
  },
  "minecraft:recipes/tools/stone_shovel": {
    "criteria": {
      "has_cobblestone": "2024-08-22 19:21:07 +0000"
    },
    "done": true
  },
  "domum_ornamentum:recipes/tools/blue_cobblestone_extra": {
    "criteria": {
      "has_material": "2024-08-22 19:21:07 +0000"
    },
    "done": true
  },
  "mcwbridges:recipes/cobblestone_bridge": {
    "criteria": {
      "has_planks": "2024-08-22 19:21:07 +0000"
    },
    "done": true
  },
  "domum_ornamentum:recipes/tools/green_cobblestone_extra": {
    "criteria": {
      "has_material": "2024-08-22 19:21:07 +0000"
    },
    "done": true
  },
  "mcwbridges:recipes/cobblestone_bridge_stair": {
    "criteria": {
      "has_planks": "2024-08-22 19:21:07 +0000"
    },
    "done": true
  },
  "minecraft:recipes/building_blocks/cobblestone_stairs_from_cobblestone_stonecutting": {
    "criteria": {
      "has_cobblestone": "2024-08-22 19:21:07 +0000"
    },
    "done": true
  },
  "minecraft:recipes/tools/stone_hoe": {
    "criteria": {
      "has_cobblestone": "2024-08-22 19:21:07 +0000"
    },
    "done": true
  },
  "domum_ornamentum:recipes/tools/purple_cobblestone_extra": {
    "criteria": {
      "has_material": "2024-08-22 19:21:07 +0000"
    },
    "done": true
  },
  "dungeons_arise:find_keep_kayra": {
    "criteria": {
      "location0": "2024-08-22 19:21:35 +0000"
    },
    "done": true
  },
  "mcwlights:recipes/torches": {
    "criteria": {
      "has_wood": "2024-08-22 19:23:19 +0000"
    },
    "done": true
  },
  "mcwbridges:recipes/bridge_lantern": {
    "criteria": {
      "has_planks": "2024-08-22 19:23:19 +0000"
    },
    "done": true
  },
  "minecraft:recipes/building_blocks/coal_block": {
    "criteria": {
      "has_coal": "2024-08-22 19:23:19 +0000"
    },
    "done": true
  },
  "naturescompass:natures_compass_sapling": {
    "criteria": {
      "has_recipe": "2024-08-22 19:23:46 +0000"
    },
    "done": true
  },
  "minecraft:recipes/building_blocks/oak_planks": {
    "criteria": {
      "has_logs": "2024-08-22 19:23:46 +0000"
    },
    "done": true
  },
  "naturescompass:natures_compass": {
    "criteria": {
      "has_recipe": "2024-08-22 19:23:46 +0000"
    },
    "done": true
  },
  "minecraft:recipes/misc/charcoal": {
    "criteria": {
      "has_log": "2024-08-22 19:23:46 +0000"
    },
    "done": true
  },
  "naturescompass:natures_compass_log": {
    "criteria": {
      "has_log": "2024-08-22 19:23:46 +0000"
    },
    "done": true
  },
  "minecraft:recipes/building_blocks/oak_wood": {
    "criteria": {
      "has_log": "2024-08-22 19:23:46 +0000"
    },
    "done": true
  },
  "mcwbridges:recipes/oak_bridge_pier": {
    "criteria": {
      "has_planks": "2024-08-22 19:23:46 +0000"
    },
    "done": true
  },
  "mcwdoors:recipes/oak": {
    "criteria": {
      "has_wood": "2024-08-22 19:23:46 +0000"
    },
    "done": true
  },
  "minecraft:recipes/misc/copper_ingot_from_blasting_raw_copper": {
    "criteria": {
      "has_raw_copper": "2024-08-22 19:23:58 +0000"
    },
    "done": true
  },
  "minecraft:recipes/building_blocks/raw_copper_block": {
    "criteria": {
      "has_raw_copper": "2024-08-22 19:23:58 +0000"
    },
    "done": true
  },
  "minecraft:recipes/misc/copper_ingot_from_smelting_raw_copper": {
    "criteria": {
      "has_raw_copper": "2024-08-22 19:23:58 +0000"
    },
    "done": true
  },
  "minecraft:recipes/transportation/spruce_chest_boat": {
    "criteria": {
      "has_boat": "2024-08-22 19:24:15 +0000"
    },
    "done": true
  },
  "minecraft:recipes/transportation/mangrove_chest_boat": {
    "criteria": {
      "has_boat": "2024-08-22 19:24:15 +0000"
    },
    "done": true
  },
  "minecraft:recipes/transportation/oak_chest_boat": {
    "criteria": {
      "has_boat": "2024-08-22 19:24:15 +0000"
    },
    "done": true
  },
  "undergarden:recipes/transportation/grongle_chest_boat": {
    "criteria": {
      "has_boat": "2024-08-22 19:24:15 +0000"
    },
    "done": true
  },
  "supplementaries:recipes/boat_jar": {
    "criteria": {
      "minecraft:boats": "2024-08-22 19:24:15 +0000"
    },
    "done": true
  },
  "minecraft:recipes/transportation/dark_oak_chest_boat": {
    "criteria": {
      "has_boat": "2024-08-22 19:24:15 +0000"
    },
    "done": true
  },
  "undergarden:recipes/transportation/smogstem_chest_boat": {
    "criteria": {
      "has_boat": "2024-08-22 19:24:15 +0000"
    },
    "done": true
  },
  "minecraft:recipes/transportation/jungle_chest_boat": {
    "criteria": {
      "has_boat": "2024-08-22 19:24:15 +0000"
    },
    "done": true
  },
  "deeperdarker:recipes/transportation/echo_chest_boat": {
    "criteria": {
      "has_boat": "2024-08-22 19:24:15 +0000"
    },
    "done": true
  },
  "minecraft:recipes/transportation/bamboo_chest_raft": {
    "criteria": {
      "has_boat": "2024-08-22 19:24:15 +0000"
    },
    "done": true
  },
  "minecraft:recipes/transportation/acacia_chest_boat": {
    "criteria": {
      "has_boat": "2024-08-22 19:24:15 +0000"
    },
    "done": true
  },
  "minecolonies:recipes/misc/supplychestdeployer": {
    "criteria": {
      "has_boat": "2024-08-22 19:24:15 +0000"
    },
    "done": true
  },
  "minecraft:recipes/transportation/cherry_chest_boat": {
    "criteria": {
      "has_boat": "2024-08-22 19:24:15 +0000"
    },
    "done": true
  },
  "minecraft:recipes/transportation/birch_chest_boat": {
    "criteria": {
      "has_boat": "2024-08-22 19:24:15 +0000"
    },
    "done": true
  },
  "undergarden:recipes/transportation/wigglewood_chest_boat": {
    "criteria": {
      "has_boat": "2024-08-22 19:24:15 +0000"
    },
    "done": true
  },
  "minecraft:husbandry/balanced_diet": {
    "criteria": {
      "apple": "2024-08-22 19:24:28 +0000",
      "bread": "2024-08-22 19:38:53 +0000"
    },
    "done": false
  },
  "minecraft:husbandry/root": {
    "criteria": {
      "consumed_item": "2024-08-22 19:24:28 +0000"
    },
    "done": true
  },
  "minecraft:recipes/misc/paper": {
    "criteria": {
      "has_reeds": "2024-08-22 19:27:12 +0000"
    },
    "done": true
  },
  "minecraft:recipes/misc/sugar_from_sugar_cane": {
    "criteria": {
      "has_sugar_cane": "2024-08-22 19:27:12 +0000"
    },
    "done": true
  },
  "farmersdelight:recipes/cooking/chicken_soup": {
    "criteria": {
      "has_any_ingredient": "2024-08-22 19:30:31 +0000"
    },
    "done": true
  },
  "farmersdelight:recipes/cooking/vegetable_soup": {
    "criteria": {
      "has_any_ingredient": "2024-08-22 19:30:31 +0000"
    },
    "done": true
  },
  "farmersdelight:recipes/cooking/rabbit_stew": {
    "criteria": {
      "has_any_ingredient": "2024-08-22 19:30:31 +0000"
    },
    "done": true
  },
  "farmersdelight:recipes/cooking/vegetable_noodles": {
    "criteria": {
      "has_any_ingredient": "2024-08-22 19:30:31 +0000"
    },
    "done": true
  },
  "farmersdelight:recipes/cooking/fried_rice": {
    "criteria": {
      "has_any_ingredient": "2024-08-22 19:30:31 +0000"
    },
    "done": true
  },
  "farmersdelight:recipes/cooking/beef_stew": {
    "criteria": {
      "has_any_ingredient": "2024-08-22 19:30:31 +0000"
    },
    "done": true
  },
  "minecraft:recipes/transportation/carrot_on_a_stick": {
    "criteria": {
      "has_carrot": "2024-08-22 19:30:31 +0000"
    },
    "done": true
  },
  "farmersdelight:recipes/food/barbecue_stick": {
    "criteria": {
      "has_onion": "2024-08-22 19:30:47 +0000"
    },
    "done": true
  },
  "farmersdelight:recipes/cooking/ratatouille": {
    "criteria": {
      "has_any_ingredient": "2024-08-22 19:30:47 +0000"
    },
    "done": true
  },
  "farmersdelight:main/get_fd_seed": {
    "criteria": {
      "onion": "2024-08-22 19:30:47 +0000"
    },
    "done": true
  },
  "farmersdelight:recipes/cooking/dumplings": {
    "criteria": {
      "has_any_ingredient": "2024-08-22 19:30:47 +0000"
    },
    "done": true
  },
  "farmersdelight:recipes/cooking/fish_stew": {
    "criteria": {
      "has_any_ingredient": "2024-08-22 19:30:47 +0000"
    },
    "done": true
  },
  "farmersdelight:recipes/building_blocks/onion_crate": {
    "criteria": {
      "has_onion": "2024-08-22 19:30:47 +0000"
    },
    "done": true
  },
  "minecraft:recipes/misc/magenta_dye_from_allium": {
    "criteria": {
      "has_allium": "2024-08-22 19:30:50 +0000"
    },
    "done": true
  },
  "supplementaries:recipes/soap": {
    "criteria": {
      "forge:ash": "2024-08-22 19:33:41 +0000"
    },
    "done": true
  },
  "supplementaries:recipes/ash_brick": {
    "criteria": {
      "forge:ash": "2024-08-22 19:33:41 +0000"
    },
    "done": true
  },
  "farmersdelight:recipes/food/cake_from_slices": {
    "criteria": {
      "has_cake_slice": "2024-08-22 19:40:35 +0000"
    },
    "done": true
  },
  "minecraft:recipes/building_blocks/smooth_stone": {
    "criteria": {
      "has_the_recipe": "2024-08-22 19:49:16 +0000"
    },
    "done": true
  },
  "minecraft:recipes/building_blocks/smooth_stone_slab": {
    "criteria": {
      "has_smooth_stone": "2024-08-22 19:50:41 +0000"
    },
    "done": true
  },
  "minecraft:recipes/decorations/blast_furnace": {
    "criteria": {
      "has_smooth_stone": "2024-08-22 19:50:41 +0000"
    },
    "done": true
  },
  "minecraft:recipes/building_blocks/smooth_stone_slab_from_smooth_stone_stonecutting": {
    "criteria": {
      "has_smooth_stone": "2024-08-22 19:50:41 +0000"
    },
    "done": true
  },
  "incendium:technical/sentrys_wrath": {
    "criteria": {
      "log_spam_fixer": "2024-08-22 20:13:39 +0000"
    },
    "done": false
  },
  "incendium:technical/on_kill": {
    "criteria": {
      "log_spam_fixer": "2024-08-22 20:13:39 +0000"
    },
    "done": false
  },
  "incendium:technical/on_inventory_change": {
    "criteria": {
      "log_spam_fixer": "2024-08-22 20:13:39 +0000"
    },
    "done": false
  },
  "incendium:technical/holy_wrath": {
    "criteria": {
      "log_spam_fixer": "2024-08-22 20:13:39 +0000"
    },
    "done": false
  },
  "incendium:technical/on_block": {
    "criteria": {
      "log_spam_fixer": "2024-08-22 20:13:39 +0000"
    },
    "done": false
  },
  "incendium:technical/feed_ghastling": {
    "criteria": {
      "log_spam_fixer": "2024-08-22 20:13:39 +0000"
    },
    "done": false
  },
  "incendium:technical/inventory/firestorm": {
    "criteria": {
      "log_spam_fixer": "2024-08-22 20:13:39 +0000"
    },
    "done": false
  },
  "incendium:technical/give_ghastling": {
    "criteria": {
      "log_spam_fixer": "2024-08-22 20:13:39 +0000"
    },
    "done": false
  },
  "incendium:technical/multiplex_crossbow": {
    "criteria": {
      "log_spam_fixer": "2024-08-22 20:13:39 +0000"
    },
    "done": false
  },
  "incendium:technical/on_player_hurt": {
    "criteria": {
      "log_spam_fixer": "2024-08-22 20:13:39 +0000"
    },
    "done": false
  },
  "incendium:technical/inventory/sentrys_wrath": {
    "criteria": {
      "log_spam_fixer": "2024-08-22 20:13:39 +0000"
    },
    "done": false
  },
  "incendium:technical/firestorm": {
    "criteria": {
      "log_spam_fixer": "2024-08-22 20:13:39 +0000"
    },
    "done": false
  },
  "handcrafted:recipes/misc/spruce_counter": {
    "criteria": {
      "has_spruce_counter": "2024-08-22 19:57:36 +0000"
    },
    "done": true
  },
  "blue_skies:recipes/building_blocks/frostbright_bookshelf": {
    "criteria": {
      "has_item": "2024-08-22 19:59:08 +0000"
    },
    "done": true
  },
  "nethersdelight:recipes/tools/golden_machete": {
    "criteria": {
      "has_gold_ingot": "2024-08-22 20:02:49 +0000"
    },
    "done": true
  },
  "minecraft:recipes/combat/diamond_sword": {
    "criteria": {
      "has_diamond": "2024-08-22 19:58:40 +0000"
    },
    "done": true
  },
  "minecraft:recipes/decorations/jukebox": {
    "criteria": {
      "has_diamond": "2024-08-22 19:58:40 +0000"
    },
    "done": true
  },
  "minecraft:recipes/misc/gold_nugget": {
    "criteria": {
      "has_gold_ingot": "2024-08-22 20:02:49 +0000"
    },
    "done": true
  },
  "minecraft:recipes/tools/golden_shovel": {
    "criteria": {
      "has_gold_ingot": "2024-08-22 20:02:49 +0000"
    },
    "done": true
  },
  "doggytalents:recipes/decorations/bowtie": {
    "criteria": {
      "has_string": "2024-08-22 19:58:59 +0000"
    },
    "done": true
  },
  "minecraft:recipes/food/golden_apple": {
    "criteria": {
      "has_gold_ingot": "2024-08-22 20:02:49 +0000"
    },
    "done": true
  },
  "lightmanscurrency:recipes/ticket_machine/ticket_station/golden_ticket_pass": {
    "criteria": {
      "ticket_material": "2024-08-22 20:02:49 +0000"
    },
    "done": true
  },
  "minecraft:recipes/combat/golden_boots": {
    "criteria": {
      "has_gold_ingot": "2024-08-22 20:02:49 +0000"
    },
    "done": true
  },
  "handcrafted:recipes/misc/spruce_table": {
    "criteria": {
      "has_spruce_table": "2024-08-22 19:57:36 +0000"
    },
    "done": true
  },
  "minecraft:story/shiny_gear": {
    "criteria": {
      "diamond_helmet": "2024-08-22 19:58:43 +0000"
    },
    "done": true
  },
  "minecraft:recipes/redstone/lectern": {
    "criteria": {
      "has_book": "2024-08-22 19:59:08 +0000"
    },
    "done": true
  },
  "minecraft:recipes/tools/diamond_pickaxe": {
    "criteria": {
      "has_diamond": "2024-08-22 19:58:40 +0000"
    },
    "done": true
  },
  "domum_ornamentum:recipes/decorations/green_floating_carpet": {
    "criteria": {
      "has_string": "2024-08-22 19:58:59 +0000"
    },
    "done": true
  },
  "supplementaries:recipes/flint_block": {
    "criteria": {
      "has_flint": "2024-08-22 20:07:11 +0000"
    },
    "done": true
  },
  "minecraft:recipes/combat/golden_chestplate": {
    "criteria": {
      "has_gold_ingot": "2024-08-22 20:02:49 +0000"
    },
    "done": true
  },
  "minecraft:recipes/redstone/tripwire_hook": {
    "criteria": {
      "has_string": "2024-08-22 19:58:59 +0000"
    },
    "done": true
  },
  "domum_ornamentum:recipes/decorations/orange_floating_carpet": {
    "criteria": {
      "has_string": "2024-08-22 19:58:59 +0000"
    },
    "done": true
  },
  "doggytalents:recipes/decorations/wig": {
    "criteria": {
      "has_string": "2024-08-22 19:58:59 +0000"
    },
    "done": true
  },
  "farmersdelight:recipes/combat/golden_knife": {
    "criteria": {
      "has_gold_ingot": "2024-08-22 20:02:49 +0000"
    },
    "done": true
  },
  "minecraft:recipes/decorations/candle": {
    "criteria": {
      "has_string": "2024-08-22 19:58:59 +0000"
    },
    "done": true
  },
  "handcrafted:recipes/misc/spruce_dining_bench": {
    "criteria": {
      "has_spruce_dining_bench": "2024-08-22 19:57:36 +0000"
    },
    "done": true
  },
  "minecraft:recipes/tools/diamond_hoe": {
    "criteria": {
      "has_diamond": "2024-08-22 19:58:40 +0000"
    },
    "done": true
  },
  "doggytalents:recipes/decorations/locator_orb_shin": {
    "criteria": {
      "has_string": "2024-08-22 19:58:59 +0000"
    },
    "done": true
  },
  "lightmanscurrency:recipes/ticket_machine/ticket_station/ticket_pass": {
    "criteria": {
      "ticket_material": "2024-08-22 20:02:49 +0000"
    },
    "done": true
  },
  "sophisticatedstorage:recipes/misc/spruce_limited_barrel_2": {
    "criteria": {
      "has_spruce_plank": "2024-08-22 19:57:36 +0000"
    },
    "done": true
  },
  "sophisticatedstorage:recipes/misc/spruce_limited_barrel_1": {
    "criteria": {
      "has_spruce_plank": "2024-08-22 19:57:36 +0000"
    },
    "done": true
  },
  "sophisticatedstorage:recipes/misc/spruce_limited_barrel_4": {
    "criteria": {
      "has_spruce_plank": "2024-08-22 19:57:36 +0000"
    },
    "done": true
  },
  "sophisticatedstorage:recipes/misc/spruce_limited_barrel_3": {
    "criteria": {
      "has_spruce_plank": "2024-08-22 19:57:36 +0000"
    },
    "done": true
  },
  "supplementaries:recipes/feather_block": {
    "criteria": {
      "has_feather": "2024-08-22 20:00:20 +0000"
    },
    "done": true
  },
  "minecraft:recipes/redstone/spruce_button": {
    "criteria": {
      "has_planks": "2024-08-22 19:57:36 +0000"
    },
    "done": true
  },
  "lightmanscurrency:recipes/ticket_machine/ticket_station/master_ticket": {
    "criteria": {
      "ticket_material": "2024-08-22 20:02:49 +0000"
    },
    "done": true
  },
  "doggytalents:recipes/tools/feathered_mantle": {
    "criteria": {
      "has_feather": "2024-08-22 20:00:20 +0000"
    },
    "done": true
  },
  "lightmanscurrency:recipes/ticket_machine/ticket_station/golden_master_ticket": {
    "criteria": {
      "ticket_material": "2024-08-22 20:02:49 +0000"
    },
    "done": true
  },
  "farmersdelight:recipes/cooking/pasta_with_meatballs": {
    "criteria": {
      "has_any_ingredient": "2024-08-22 20:03:48 +0000"
    },
    "done": true
  },
  "lootr:1barrel": {
    "criteria": {
      "opened_barrel": "2024-08-22 19:57:44 +0000"
    },
    "done": true
  },
  "minecraft:recipes/combat/golden_sword": {
    "criteria": {
      "has_gold_ingot": "2024-08-22 20:02:49 +0000"
    },
    "done": true
  },
  "minecraft:recipes/building_blocks/gold_block": {
    "criteria": {
      "has_gold_ingot": "2024-08-22 20:02:49 +0000"
    },
    "done": true
  },
  "minecraft:recipes/building_blocks/diamond_block": {
    "criteria": {
      "has_diamond": "2024-08-22 19:58:40 +0000"
    },
    "done": true
  },
  "minecraft:recipes/misc/firework_rocket_simple": {
    "criteria": {
      "has_gunpowder": "2024-08-22 19:58:43 +0000"
    },
    "done": true
  },
  "aquaculture:recipes/tools/gold_fillet_knife": {
    "criteria": {
      "has_items": "2024-08-22 20:02:49 +0000"
    },
    "done": true
  },
  "handcrafted:recipes/misc/spruce_corner_trim": {
    "criteria": {
      "has_spruce_corner_trim": "2024-08-22 19:57:36 +0000"
    },
    "done": true
  },
  "domum_ornamentum:recipes/decorations/light_gray_floating_carpet": {
    "criteria": {
      "has_string": "2024-08-22 19:58:59 +0000"
    },
    "done": true
  },
  "handcrafted:recipes/misc/spruce_desk": {
    "criteria": {
      "has_spruce_desk": "2024-08-22 19:57:36 +0000"
    },
    "done": true
  },
  "supplementaries:recipes/hourglass": {
    "criteria": {
      "has_gold_ingot": "2024-08-22 20:02:49 +0000"
    },
    "done": true
  },
  "minecraft:story/obtain_armor": {
    "criteria": {
      "iron_boots": "2024-08-22 19:59:09 +0000"
    },
    "done": true
  },
  "minecraft:recipes/building_blocks/bookshelf": {
    "criteria": {
      "has_book": "2024-08-22 19:59:08 +0000"
    },
    "done": true
  },
  "domum_ornamentum:recipes/decorations/lime_floating_carpet": {
    "criteria": {
      "has_string": "2024-08-22 19:58:59 +0000"
    },
    "done": true
  },
  "sophisticatedstorage:recipes/misc/spruce_chest": {
    "criteria": {
      "has_spruce_plank": "2024-08-22 19:57:36 +0000"
    },
    "done": true
  },
  "blue_skies:recipes/building_blocks/starlit_bookshelf": {
    "criteria": {
      "has_item": "2024-08-22 19:59:08 +0000"
    },
    "done": true
  },
  "minecraft:recipes/combat/bow": {
    "criteria": {
      "has_string": "2024-08-22 19:58:59 +0000"
    },
    "done": true
  },
  "minecraft:recipes/decorations/spruce_sign": {
    "criteria": {
      "has_planks": "2024-08-22 19:57:36 +0000"
    },
    "done": true
  },
  "blue_skies:recipes/building_blocks/dusk_bookshelf": {
    "criteria": {
      "has_item": "2024-08-22 19:59:08 +0000"
    },
    "done": true
  },
  "minecraft:recipes/combat/golden_helmet": {
    "criteria": {
      "has_gold_ingot": "2024-08-22 20:02:49 +0000"
    },
    "done": true
  },
  "supplementaries:recipes/gold_trapdoor": {
    "criteria": {
      "has_gold_ingot": "2024-08-22 20:02:49 +0000"
    },
    "done": true
  },
  "minecraft:recipes/building_blocks/emerald_block": {
    "criteria": {
      "has_emerald": "2024-08-22 20:01:14 +0000"
    },
    "done": true
  },
  "minecraft:recipes/building_blocks/chiseled_bookshelf": {
    "criteria": {
      "has_book": "2024-08-22 19:59:08 +0000"
    },
    "done": true
  },
  "doggytalents:recipes/decorations/locator_orb_rei": {
    "criteria": {
      "has_string": "2024-08-22 19:58:59 +0000"
    },
    "done": true
  },
  "doggytalents:recipes/tools/magnifying_bone": {
    "criteria": {
      "has_gold_ingot": "2024-08-22 20:02:49 +0000"
    },
    "done": true
  },
  "supplementaries:recipes/decorations/sign_post_spruce": {
    "criteria": {
      "has_planks": "2024-08-22 19:57:36 +0000"
    },
    "done": true
  },
  "lightmanscurrency:recipes/misc/traders/paygate": {
    "criteria": {
      "ticket_material": "2024-08-22 20:02:49 +0000"
    },
    "done": true
  },
  "minecraft:recipes/combat/diamond_boots": {
    "criteria": {
      "has_diamond": "2024-08-22 19:58:40 +0000"
    },
    "done": true
  },
  "lightmanscurrency:recipes/ticket_machine/ticket_station/golden_ticket": {
    "criteria": {
      "ticket_material": "2024-08-22 20:02:49 +0000"
    },
    "done": true
  },
  "doggytalents:recipes/tools/empty_locator_orb": {
    "criteria": {
      "has_string": "2024-08-22 19:58:59 +0000"
    },
    "done": true
  },
  "domum_ornamentum:recipes/decorations/pink_floating_carpet": {
    "criteria": {
      "has_string": "2024-08-22 19:58:59 +0000"
    },
    "done": true
  },
  "domum_ornamentum:recipes/decorations/light_blue_floating_carpet": {
    "criteria": {
      "has_string": "2024-08-22 19:58:59 +0000"
    },
    "done": true
  },
  "doggytalents:recipes/decorations/tengu_mask": {
    "criteria": {
      "has_string": "2024-08-22 19:58:59 +0000"
    },
    "done": true
  },
  "minecraft:recipes/tools/flint_and_steel": {
    "criteria": {
      "has_flint": "2024-08-22 20:07:11 +0000"
    },
    "done": true
  },
  "handcrafted:recipes/misc/spruce_drawer": {
    "criteria": {
      "has_spruce_drawer": "2024-08-22 19:57:36 +0000"
    },
    "done": true
  },
  "betterarcheology:recipes/recipe_diamond_brush": {
    "criteria": {
      "has_item": "2024-08-22 19:58:40 +0000"
    },
    "done": true
  },
  "doggytalents:recipes/decorations/kitsune_mask": {
    "criteria": {
      "has_string": "2024-08-22 19:58:59 +0000"
    },
    "done": true
  },
  "minecraft:recipes/redstone/spruce_trapdoor": {
    "criteria": {
      "has_planks": "2024-08-22 19:57:36 +0000"
    },
    "done": true
  },
  "doggytalents:recipes/decorations/locator_orb_chu": {
    "criteria": {
      "has_string": "2024-08-22 19:58:59 +0000"
    },
    "done": true
  },
  "doggytalents:recipes/decorations/locator_orb_chi": {
    "criteria": {
      "has_string": "2024-08-22 19:58:59 +0000"
    },
    "done": true
  },
  "handcrafted:recipes/misc/spruce_fancy_bed": {
    "criteria": {
      "has_spruce_fancy_bed": "2024-08-22 19:57:36 +0000"
    },
    "done": true
  },
  "blue_skies:recipes/building_blocks/lunar_bookshelf": {
    "criteria": {
      "has_item": "2024-08-22 19:59:08 +0000"
    },
    "done": true
  },
  "doggytalents:recipes/decorations/locator_orb_tei": {
    "criteria": {
      "has_string": "2024-08-22 19:58:59 +0000"
    },
    "done": true
  },
  "handcrafted:recipes/misc/spruce_cupboard": {
    "criteria": {
      "has_spruce_cupboard": "2024-08-22 19:57:36 +0000"
    },
    "done": true
  },
  "lightmanscurrency:recipes/misc/ticket_station": {
    "criteria": {
      "ticket_material": "2024-08-22 20:02:49 +0000"
    },
    "done": true
  },
  "minecraft:recipes/tools/golden_hoe": {
    "criteria": {
      "has_gold_ingot": "2024-08-22 20:02:49 +0000"
    },
    "done": true
  },
  "supplementaries:recipes/gold_door": {
    "criteria": {
      "has_gold_ingot": "2024-08-22 20:02:49 +0000"
    },
    "done": true
  },
  "doggytalents:recipes/decorations/locator_orb_ko": {
    "criteria": {
      "has_string": "2024-08-22 19:58:59 +0000"
    },
    "done": true
  },
  "doggytalents:recipes/decorations/locator_orb_gi": {
    "criteria": {
      "has_string": "2024-08-22 19:58:59 +0000"
    },
    "done": true
  },
  "domum_ornamentum:recipes/decorations/purple_floating_carpet": {
    "criteria": {
      "has_string": "2024-08-22 19:58:59 +0000"
    },
    "done": true
  },
  "minecraft:recipes/decorations/fletching_table": {
    "criteria": {
      "has_flint": "2024-08-22 20:07:11 +0000"
    },
    "done": true
  },
  "minecraft:recipes/tools/golden_axe": {
    "criteria": {
      "has_gold_ingot": "2024-08-22 20:02:49 +0000"
    },
    "done": true
  },
  "mcwbridges:recipes/spruce_rail_bridge": {
    "criteria": {
      "has_planks": "2024-08-22 19:57:36 +0000"
    },
    "done": true
  },
  "minecraft:recipes/tools/golden_pickaxe": {
    "criteria": {
      "has_gold_ingot": "2024-08-22 20:02:49 +0000"
    },
    "done": true
  },
  "mcwbridges:recipes/rope_spruce_bridge": {
    "criteria": {
      "has_planks": "2024-08-22 19:57:36 +0000"
    },
    "done": true
  },
  "doggytalents:recipes/decorations/pianist_suit": {
    "criteria": {
      "has_string": "2024-08-22 19:58:59 +0000"
    },
    "done": true
  },
  "minecraft:recipes/combat/diamond_chestplate": {
    "criteria": {
      "has_diamond": "2024-08-22 19:58:40 +0000"
    },
    "done": true
  },
  "domum_ornamentum:recipes/decorations/gray_floating_carpet": {
    "criteria": {
      "has_string": "2024-08-22 19:58:59 +0000"
    },
    "done": true
  },
  "minecraft:recipes/brewing/golden_carrot": {
    "criteria": {
      "has_gold_nugget": "2024-08-22 19:58:41 +0000"
    },
    "done": true
  },
  "handcrafted:recipes/misc/spruce_shelf": {
    "criteria": {
      "has_spruce_shelf": "2024-08-22 19:57:36 +0000"
    },
    "done": true
  },
  "blue_skies:recipes/building_blocks/maple_bookshelf": {
    "criteria": {
      "has_item": "2024-08-22 19:59:08 +0000"
    },
    "done": true
  },
  "minecraft:recipes/misc/writable_book": {
    "criteria": {
      "has_book": "2024-08-22 19:59:08 +0000"
    },
    "done": true
  },
  "minecraft:recipes/decorations/spruce_fence": {
    "criteria": {
      "has_planks": "2024-08-22 19:57:36 +0000"
    },
    "done": true
  },
  "domum_ornamentum:recipes/decorations/cyan_floating_carpet": {
    "criteria": {
      "has_string": "2024-08-22 19:58:59 +0000"
    },
    "done": true
  },
  "minecraft:recipes/tools/diamond_shovel": {
    "criteria": {
      "has_diamond": "2024-08-22 19:58:40 +0000"
    },
    "done": true
  },
  "minecraft:recipes/redstone/light_weighted_pressure_plate": {
    "criteria": {
      "has_gold_ingot": "2024-08-22 20:02:49 +0000"
    },
    "done": true
  },
  "create:recipes/building_blocks/spruce_window": {
    "criteria": {
      "has_ingredient": "2024-08-22 19:57:36 +0000"
    },
    "done": true
  },
  "explorerscompass:explorers_compass": {
    "criteria": {
      "has_recipe": "2024-08-22 20:01:27 +0000"
    },
    "done": true
  },
  "supplementaries:recipes/sign_post_spruce": {
    "criteria": {
      "has_the_recipe": "2024-08-22 19:57:36 +0000"
    },
    "done": true
  },
  "doggytalents:recipes/decorations/bach_wig": {
    "criteria": {
      "has_string": "2024-08-22 19:58:59 +0000"
    },
    "done": true
  },
  "lootr:social": {
    "criteria": {
      "opened_barrel": "2024-08-22 19:57:44 +0000",
      "opened_chest": "2024-08-22 19:57:17 +0000"
    },
    "done": false
  },
  "minecraft:recipes/food/cooked_beef_from_smoking": {
    "criteria": {
      "has_beef": "2024-08-22 20:03:48 +0000"
    },
    "done": true
  },
  "minecraft:recipes/redstone/spruce_pressure_plate": {
    "criteria": {
      "has_planks": "2024-08-22 19:57:36 +0000"
    },
    "done": true
  },
  "handcrafted:recipes/misc/spruce_pillar_trim": {
    "criteria": {
      "has_spruce_pillar_trim": "2024-08-22 19:57:36 +0000"
    },
    "done": true
  },
  "doggytalents:recipes/decorations/wool_collar": {
    "criteria": {
      "has_string": "2024-08-22 19:58:59 +0000"
    },
    "done": true
  },
  "lootr:25loot": {
    "criteria": {
      "loot_stat": "2024-08-22 20:06:07 +0000"
    },
    "done": true
  },
  "minecraft:recipes/combat/diamond_helmet": {
    "criteria": {
      "has_diamond": "2024-08-22 19:58:40 +0000"
    },
    "done": true
  },
  "doggytalents:recipes/misc/gender_bone": {
    "criteria": {
      "has_string": "2024-08-22 19:58:59 +0000"
    },
    "done": true
  },
  "domum_ornamentum:recipes/decorations/yellow_floating_carpet": {
    "criteria": {
      "has_string": "2024-08-22 19:58:59 +0000"
    },
    "done": true
  },
  "domum_ornamentum:recipes/decorations/red_floating_carpet": {
    "criteria": {
      "has_string": "2024-08-22 19:58:59 +0000"
    },
    "done": true
  },
  "domum_ornamentum:recipes/decorations/brown_floating_carpet": {
    "criteria": {
      "has_string": "2024-08-22 19:58:59 +0000"
    },
    "done": true
  },
  "handcrafted:recipes/misc/stackable_book": {
    "criteria": {
      "has_stackable_book": "2024-08-22 19:59:08 +0000"
    },
    "done": true
  },
  "domum_ornamentum:recipes/decorations/black_floating_carpet": {
    "criteria": {
      "has_string": "2024-08-22 19:58:59 +0000"
    },
    "done": true
  },
  "supplementaries:recipes/sack": {
    "criteria": {
      "has_string": "2024-08-22 19:58:59 +0000"
    },
    "done": true
  },
  "minecraft:story/mine_diamond": {
    "criteria": {
      "diamond": "2024-08-22 19:58:40 +0000"
    },
    "done": true
  },
  "minecraft:recipes/food/cooked_beef": {
    "criteria": {
      "has_beef": "2024-08-22 20:03:48 +0000"
    },
    "done": true
  },
  "doggytalents:recipes/decorations/locator_orb_dyable": {
    "criteria": {
      "has_string": "2024-08-22 19:58:59 +0000"
    },
    "done": true
  },
  "farmersdelight:recipes/combat/diamond_knife": {
    "criteria": {
      "has_diamond": "2024-08-22 19:58:40 +0000"
    },
    "done": true
  },
  "lootr:1chest": {
    "criteria": {
      "opened_chest": "2024-08-22 19:57:17 +0000"
    },
    "done": true
  },
  "minecraft:recipes/combat/diamond_leggings": {
    "criteria": {
      "has_diamond": "2024-08-22 19:58:40 +0000"
    },
    "done": true
  },
  "doggytalents:recipes/tools/shrinking_mallet": {
    "criteria": {
      "has_gold_ingot": "2024-08-22 20:02:49 +0000"
    },
    "done": true
  },
  "aquaculture:recipes/tools/diamond_fillet_knife": {
    "criteria": {
      "has_items": "2024-08-22 19:58:40 +0000"
    },
    "done": true
  },
  "domum_ornamentum:recipes/decorations/white_floating_carpet": {
    "criteria": {
      "has_string": "2024-08-22 19:58:59 +0000"
    },
    "done": true
  },
  "minecraft:recipes/misc/gold_ingot_from_nuggets": {
    "criteria": {
      "has_gold_nugget": "2024-08-22 19:58:41 +0000"
    },
    "done": true
  },
  "minecraft:recipes/combat/arrow": {
    "criteria": {
      "has_feather": "2024-08-22 20:00:20 +0000"
    },
    "done": true
  },
  "mcwlights:recipes/gold_stuff": {
    "criteria": {
      "has_wood": "2024-08-22 20:02:49 +0000"
    },
    "done": true
  },
  "doggytalents:recipes/decorations/guard_suit": {
    "criteria": {
      "has_string": "2024-08-22 19:58:59 +0000"
    },
    "done": true
  },
  "minecraft:recipes/tools/fishing_rod": {
    "criteria": {
      "has_string": "2024-08-22 19:58:59 +0000"
    },
    "done": true
  },
  "blue_skies:recipes/building_blocks/comet_bookshelf": {
    "criteria": {
      "has_item": "2024-08-22 19:59:08 +0000"
    },
    "done": true
  },
  "explorerscompass:explorers_compass_cobweb": {
    "criteria": {
      "has_cobweb": "2024-08-22 20:01:27 +0000"
    },
    "done": true
  },
  "doggytalents:recipes/decorations/wool_collar_thicc": {
    "criteria": {
      "has_string": "2024-08-22 19:58:59 +0000"
    },
    "done": true
  },
  "doggytalents:recipes/tools/canine_tracker": {
    "criteria": {
      "has_gold_ingot": "2024-08-22 20:02:49 +0000"
    },
    "done": true
  },
  "handcrafted:recipes/misc/spruce_couch": {
    "criteria": {
      "has_spruce_couch": "2024-08-22 19:57:36 +0000"
    },
    "done": true
  },
  "minecraft:recipes/building_blocks/spruce_slab": {
    "criteria": {
      "has_planks": "2024-08-22 19:57:36 +0000"
    },
    "done": true
  },
  "blue_skies:recipes/building_blocks/bluebright_bookshelf": {
    "criteria": {
      "has_item": "2024-08-22 19:59:08 +0000"
    },
    "done": true
  },
  "handcrafted:recipes/misc/spruce_nightstand": {
    "criteria": {
      "has_spruce_nightstand": "2024-08-22 19:57:36 +0000"
    },
    "done": true
  },
  "handcrafted:recipes/misc/spruce_bench": {
    "criteria": {
      "has_spruce_bench": "2024-08-22 19:57:36 +0000"
    },
    "done": true
  },
  "nethersdelight:recipes/tools/diamond_machete": {
    "criteria": {
      "has_diamond": "2024-08-22 19:58:40 +0000"
    },
    "done": true
  },
  "supplementaries:recipes/key": {
    "criteria": {
      "has_gold_nugget": "2024-08-22 19:58:41 +0000"
    },
    "done": true
  },
  "explorerscompass:explorers_compass_cracked_stone_bricks": {
    "criteria": {
      "has_recipe": "2024-08-22 20:01:27 +0000"
    },
    "done": true
  },
  "mcwbridges:recipes/spruce_log_bridge_middle": {
    "criteria": {
      "has_planks": "2024-08-22 19:57:36 +0000"
    },
    "done": true
  },
  "doggytalents:recipes/decorations/locator_orb_jin": {
    "criteria": {
      "has_string": "2024-08-22 19:58:59 +0000"
    },
    "done": true
  },
  "lootr:10loot": {
    "criteria": {
      "loot_stat": "2024-08-22 20:03:27 +0000"
    },
    "done": true
  },
  "suppsquared:recipes/decorations/item_shelf_spruce": {
    "criteria": {
      "has_planks": "2024-08-22 19:57:36 +0000"
    },
    "done": true
  },
  "lightmanscurrency:recipes/ticket_machine/ticket_station/ticket": {
    "criteria": {
      "ticket_material": "2024-08-22 20:02:49 +0000"
    },
    "done": true
  },
  "minecraft:recipes/redstone/spruce_door": {
    "criteria": {
      "has_planks": "2024-08-22 19:57:36 +0000"
    },
    "done": true
  },
  "minecraft:recipes/redstone/spruce_fence_gate": {
    "criteria": {
      "has_planks": "2024-08-22 19:57:36 +0000"
    },
    "done": true
  },
  "minecraft:recipes/building_blocks/white_wool_from_string": {
    "criteria": {
      "has_string": "2024-08-22 19:58:59 +0000"
    },
    "done": true
  },
  "domum_ornamentum:recipes/decorations/blue_floating_carpet": {
    "criteria": {
      "has_string": "2024-08-22 19:58:59 +0000"
    },
    "done": true
  },
  "handcrafted:recipes/misc/spruce_chair": {
    "criteria": {
      "has_spruce_chair": "2024-08-22 19:57:36 +0000"
    },
    "done": true
  },
  "sophisticatedstorage:recipes/misc/spruce_barrel": {
    "criteria": {
      "has_spruce_plank": "2024-08-22 19:57:36 +0000"
    },
    "done": true
  },
  "minecraft:recipes/redstone/tnt": {
    "criteria": {
      "has_gunpowder": "2024-08-22 19:58:43 +0000"
    },
    "done": true
  },
  "minecraft:recipes/building_blocks/spruce_stairs": {
    "criteria": {
      "has_planks": "2024-08-22 19:57:36 +0000"
    },
    "done": true
  },
  "minecraft:recipes/decorations/loom": {
    "criteria": {
      "has_string": "2024-08-22 19:58:59 +0000"
    },
    "done": true
  },
  "minecraft:recipes/tools/diamond_axe": {
    "criteria": {
      "has_diamond": "2024-08-22 19:58:40 +0000"
    },
    "done": true
  },
  "domum_ornamentum:recipes/decorations/magenta_floating_carpet": {
    "criteria": {
      "has_string": "2024-08-22 19:58:59 +0000"
    },
    "done": true
  },
  "handcrafted:recipes/misc/spruce_side_table": {
    "criteria": {
      "has_spruce_side_table": "2024-08-22 19:57:36 +0000"
    },
    "done": true
  },
  "minecraft:recipes/combat/golden_leggings": {
    "criteria": {
      "has_gold_ingot": "2024-08-22 20:02:49 +0000"
    },
    "done": true
  },
  "minecraft:recipes/food/cooked_beef_from_campfire_cooking": {
    "criteria": {
      "has_beef": "2024-08-22 20:03:48 +0000"
    },
    "done": true
  },
  "DataVersion": 3465
}